CookerStat, GenerateAssetRegistry=0.019856, Initialize=0.106744, RunGuid=RunIDC2474C444BCB7B2B03D5D1876E49DD4A
DDCTransactionId7D5D9AEF4B14EC5FFB78619D991694FC_0, PutCachedData=, CacheKey=NavCollision_B89838347A4348138EE337A847529C5C_NavCollision_X_429B62834B162D1A4__17CAB7812463561F7A69163F05EE6262941D7278, StartTime=2016.05.12-15.36.52, HierarchicalDDC=, DataSize=977, Duration=1.589671, RunGuid=RunIDC2474C444BCB7B2B03D5D1876E49DD4A
DDCTransactionId828C41E24ED41395DDCC7EBDCBB9E79F_0, PutCachedData=, CacheKey=NavCollision_B89838347A4348138EE337A847529C5C_NavCollision_X_CA9B4C5045AC37D5F__BD5C5B4920D34BA7565F76B67876FAD383395B04, StartTime=2016.05.12-15.36.52, HierarchicalDDC=, DataSize=689, Duration=1.622565, RunGuid=RunIDC2474C444BCB7B2B03D5D1876E49DD4A
DDCTransactionId7DC234004E32262DBD0BED993EBE87B0_0, PutCachedData=, CacheKey=NavCollision_B89838347A4348138EE337A847529C5C_NavCollision_X_B36F34E04C60E2717__DDD21F2727A55E792B2934E76748037A973FBDA8, StartTime=2016.05.12-15.36.52, HierarchicalDDC=, DataSize=497, Duration=2.457585, RunGuid=RunIDC2474C444BCB7B2B03D5D1876E49DD4A
DDCTransactionId7D5D9AEF4B14EC5FFB78619D991694FC_1, PutCachedData=, CacheKey=NavCollision_B89838347A4348138EE337A847529C5C_NavCollision_X_7DEEDC0846FC4C03D__73D1DC5DE2059375633EB53AE63FB83F52A3774D, StartTime=2016.05.12-15.36.52, HierarchicalDDC=, DataSize=497, Duration=1.663834, RunGuid=RunIDC2474C444BCB7B2B03D5D1876E49DD4A
DDCTransactionId828C41E24ED41395DDCC7EBDCBB9E79F_1, PutCachedData=, CacheKey=NavCollision_B89838347A4348138EE337A847529C5C_NavCollision_X_D3E0611A4ECD3FEA6__1FAEAF6003E2FFD3FC2CDB4C98730FAF6FC121A0, StartTime=2016.05.12-15.36.52, HierarchicalDDC=, DataSize=497, Duration=1.553677, RunGuid=RunIDC2474C444BCB7B2B03D5D1876E49DD4A
DDCTransactionId7D5D9AEF4B14EC5FFB78619D991694FC_2, PutCachedData=, CacheKey=NavCollision_B89838347A4348138EE337A847529C5C_NavCollision_X_77786B6448C1DCDE1__9F339F3DAB8BE24462690C05FCE8EADF140FB072, StartTime=2016.05.12-15.36.52, HierarchicalDDC=, DataSize=1073, Duration=1.480758, RunGuid=RunIDC2474C444BCB7B2B03D5D1876E49DD4A
DDCTransactionId7DC234004E32262DBD0BED993EBE87B0_1, PutCachedData=, CacheKey=NavCollision_B89838347A4348138EE337A847529C5C_NavCollision_X_5ED2D23245732C539__8B0AC11BC51CCC87D128A706789E107924792E21, StartTime=2016.05.12-15.36.52, HierarchicalDDC=, DataSize=977, Duration=1.507442, RunGuid=RunIDC2474C444BCB7B2B03D5D1876E49DD4A
DDCTransactionId828C41E24ED41395DDCC7EBDCBB9E79F_2, PutCachedData=, CacheKey=NavCollision_B89838347A4348138EE337A847529C5C_NavCollision_X_B04C570A44273067F__B6AFE94C83218E6C180E9EC3EDD78EC6584CF12C, StartTime=2016.05.12-15.36.52, HierarchicalDDC=, DataSize=977, Duration=1.664765, RunGuid=RunIDC2474C444BCB7B2B03D5D1876E49DD4A
DDCTransactionId7D5D9AEF4B14EC5FFB78619D991694FC_3, PutCachedData=, CacheKey=NavCollision_B89838347A4348138EE337A847529C5C_NavCollision_X_D3598733486C910BE__24A2A98533EAA5FF4CC79FCECE35FD4711CD8BC2, StartTime=2016.05.12-15.36.52, HierarchicalDDC=, DataSize=689, Duration=1.510859, RunGuid=RunIDC2474C444BCB7B2B03D5D1876E49DD4A
DDCTransactionId7DC234004E32262DBD0BED993EBE87B0_2, PutCachedData=, CacheKey=NavCollision_B89838347A4348138EE337A847529C5C_NavCollision_X_F8FB2F42447821C39__3AE0E938F5894DE61CFF17D99A54AE3D661721A3, StartTime=2016.05.12-15.36.52, HierarchicalDDC=, DataSize=3185, Duration=1.573227, RunGuid=RunIDC2474C444BCB7B2B03D5D1876E49DD4A
DDCTransactionId828C41E24ED41395DDCC7EBDCBB9E79F_3, PutCachedData=, CacheKey=NavCollision_B89838347A4348138EE337A847529C5C_NavCollision_X_7B88781D4DFCB4955__38BCBC5EA4176039D87827BEBD7C8268D449E3B8, StartTime=2016.05.12-15.36.52, HierarchicalDDC=, DataSize=3857, Duration=1.243684, RunGuid=RunIDC2474C444BCB7B2B03D5D1876E49DD4A
DDCTransactionId7D5D9AEF4B14EC5FFB78619D991694FC_4, PutCachedData=, CacheKey=NavCollision_B89838347A4348138EE337A847529C5C_NavCollision_X_7A1F6B05415184716__79BF165B1A113E26589DE6382795818E29C90A46, StartTime=2016.05.12-15.36.52, HierarchicalDDC=, DataSize=1169, Duration=1.427073, RunGuid=RunIDC2474C444BCB7B2B03D5D1876E49DD4A
DDCTransactionId7DC234004E32262DBD0BED993EBE87B0_3, PutCachedData=, CacheKey=NavCollision_B89838347A4348138EE337A847529C5C_NavCollision_X_83A61A604B2CC7613__3FCDEB23FE9F1C704222C5F51C23F6DD980D85F3, StartTime=2016.05.12-15.36.52, HierarchicalDDC=, DataSize=1265, Duration=1.450971, RunGuid=RunIDC2474C444BCB7B2B03D5D1876E49DD4A
DDCTransactionId828C41E24ED41395DDCC7EBDCBB9E79F_4, PutCachedData=, CacheKey=NavCollision_B89838347A4348138EE337A847529C5C_NavCollision_X_193967974EC009E5A__D15F2B3D813D93304515661827AD94B6245F7CB6, StartTime=2016.05.12-15.36.52, HierarchicalDDC=, DataSize=1073, Duration=1.457486, RunGuid=RunIDC2474C444BCB7B2B03D5D1876E49DD4A
DDCTransactionId7D5D9AEF4B14EC5FFB78619D991694FC_5, PutCachedData=, CacheKey=NavCollision_B89838347A4348138EE337A847529C5C_NavCollision_X_003C43764C333AD44__F82DFDD05056FD3B6849D39F218DD7CFC41458EB, StartTime=2016.05.12-15.36.52, HierarchicalDDC=, DataSize=1073, Duration=1.633115, RunGuid=RunIDC2474C444BCB7B2B03D5D1876E49DD4A
DDCTransactionId7DC234004E32262DBD0BED993EBE87B0_4, PutCachedData=, CacheKey=NavCollision_B89838347A4348138EE337A847529C5C_NavCollision_X_C6C2705D4E5E6B18C__EC63575CA72578C629F973993FC44920CEBECC80, StartTime=2016.05.12-15.36.52, HierarchicalDDC=, DataSize=689, Duration=1.474552, RunGuid=RunIDC2474C444BCB7B2B03D5D1876E49DD4A
DDCTransactionId828C41E24ED41395DDCC7EBDCBB9E79F_5, PutCachedData=, CacheKey=NavCollision_B89838347A4348138EE337A847529C5C_NavCollision_X_B61A6B6948E312C39__9A5E1CC976758226B066624CFC06D0C3749FF28B, StartTime=2016.05.12-15.36.52, HierarchicalDDC=, DataSize=1025, Duration=1.708828, RunGuid=RunIDC2474C444BCB7B2B03D5D1876E49DD4A
DDCTransactionId7D5D9AEF4B14EC5FFB78619D991694FC_6, PutCachedData=, CacheKey=NavCollision_B89838347A4348138EE337A847529C5C_NavCollision_X_1CB1322243B80FA53__16172A4AFEA2A615305D51DB620D978B9F78CA81, StartTime=2016.05.12-15.36.52, HierarchicalDDC=, DataSize=1169, Duration=1.473311, RunGuid=RunIDC2474C444BCB7B2B03D5D1876E49DD4A
DDCTransactionId7DC234004E32262DBD0BED993EBE87B0_5, PutCachedData=, CacheKey=NavCollision_B89838347A4348138EE337A847529C5C_NavCollision_X_29A1E4C64EC3B84D0__43B13EB374ED73D1F563C37E0E96558527AEFAEE, StartTime=2016.05.12-15.36.52, HierarchicalDDC=, DataSize=833, Duration=1.401320, RunGuid=RunIDC2474C444BCB7B2B03D5D1876E49DD4A
DDCTransactionId828C41E24ED41395DDCC7EBDCBB9E79F_6, PutCachedData=, CacheKey=NavCollision_B89838347A4348138EE337A847529C5C_NavCollision_X_8828257049CB21C0B__2F0B3F4DC3802A04499EB5C94A25E273404B52A6, StartTime=2016.05.12-15.36.52, HierarchicalDDC=, DataSize=833, Duration=1.542196, RunGuid=RunIDC2474C444BCB7B2B03D5D1876E49DD4A
DDCTransactionId7D5D9AEF4B14EC5FFB78619D991694FC_7, PutCachedData=, CacheKey=NavCollision_B89838347A4348138EE337A847529C5C_NavCollision_X_422CCCE048BE717FC__8513FDEE0792782497075475F91701E623D752C5, StartTime=2016.05.12-15.36.52, HierarchicalDDC=, DataSize=2081, Duration=1.471762, RunGuid=RunIDC2474C444BCB7B2B03D5D1876E49DD4A
DDCTransactionId7DC234004E32262DBD0BED993EBE87B0_6, PutCachedData=, CacheKey=NavCollision_B89838347A4348138EE337A847529C5C_NavCollision_X_6FA9AB4C4B8C43C65__7EEF4F1020BC9D95ADB40E7681B2AF51D9B214FD, StartTime=2016.05.12-15.36.52, HierarchicalDDC=, DataSize=1841, Duration=1.382392, RunGuid=RunIDC2474C444BCB7B2B03D5D1876E49DD4A
DDCTransactionId828C41E24ED41395DDCC7EBDCBB9E79F_7, PutCachedData=, CacheKey=NavCollision_B89838347A4348138EE337A847529C5C_NavCollision_X_D5C051094293436B8__CC81D37DE2D7A6463BADBEBF96D3B2F71C19147C, StartTime=2016.05.12-15.36.52, HierarchicalDDC=, DataSize=1937, Duration=1.406282, RunGuid=RunIDC2474C444BCB7B2B03D5D1876E49DD4A
DDCTransactionId7D5D9AEF4B14EC5FFB78619D991694FC_8, PutCachedData=, CacheKey=NavCollision_B89838347A4348138EE337A847529C5C_NavCollision_X_F929DBAC4021C0872__66B3BF3145B2B2218E3EC039501CC41515BDCF36, StartTime=2016.05.12-15.36.52, HierarchicalDDC=, DataSize=1553, Duration=1.557399, RunGuid=RunIDC2474C444BCB7B2B03D5D1876E49DD4A
DDCTransactionId7DC234004E32262DBD0BED993EBE87B0_7, PutCachedData=, CacheKey=NavCollision_B89838347A4348138EE337A847529C5C_NavCollision_X_FD783EDF4F7F585D1__44F4A725FD27CB78AD5798A0159AB33A9F2DC048, StartTime=2016.05.12-15.36.52, HierarchicalDDC=, DataSize=1841, Duration=1.458418, RunGuid=RunIDC2474C444BCB7B2B03D5D1876E49DD4A
DDCTransactionId828C41E24ED41395DDCC7EBDCBB9E79F_8, PutCachedData=, CacheKey=NavCollision_B89838347A4348138EE337A847529C5C_NavCollision_X_05EA0CEF4A2574A46__9E82175F1E3095D78FC45DB6094B177D62E0BDDE, StartTime=2016.05.12-15.36.52, HierarchicalDDC=, DataSize=785, Duration=1.448486, RunGuid=RunIDC2474C444BCB7B2B03D5D1876E49DD4A
DDCTransactionId7D5D9AEF4B14EC5FFB78619D991694FC_9, PutCachedData=, CacheKey=NavCollision_B89838347A4348138EE337A847529C5C_NavCollision_X_9AA5DD3F481B1C993__1983204BCEAB3CB88F0840F31C234BEADFCC829D, StartTime=2016.05.12-15.36.52, HierarchicalDDC=, DataSize=785, Duration=1.747929, RunGuid=RunIDC2474C444BCB7B2B03D5D1876E49DD4A
DDCTransactionId7DC234004E32262DBD0BED993EBE87B0_8, PutCachedData=, CacheKey=NavCollision_B89838347A4348138EE337A847529C5C_NavCollision_X_D3CC8F904C8FC8192__25F7431025A4631163BCA333D71388A262F02C33, StartTime=2016.05.12-15.36.52, HierarchicalDDC=, DataSize=785, Duration=1.667246, RunGuid=RunIDC2474C444BCB7B2B03D5D1876E49DD4A
DDCTransactionId828C41E24ED41395DDCC7EBDCBB9E79F_9, PutCachedData=, CacheKey=NavCollision_B89838347A4348138EE337A847529C5C_NavCollision_X_AB63050149293C8B7__5993FA9F7947B4EED026C458DD78662F7243CE5E, StartTime=2016.05.12-15.36.52, HierarchicalDDC=, DataSize=785, Duration=1.469586, RunGuid=RunIDC2474C444BCB7B2B03D5D1876E49DD4A
DDCTransactionId7DC234004E32262DBD0BED993EBE87B0_9, PutCachedData=, CacheKey=NavCollision_B89838347A4348138EE337A847529C5C_NavCollision_X_C182A4564FC048BDC__27EAA538321DC5D35C6FFE4749B216118102F35C, StartTime=2016.05.12-15.36.52, HierarchicalDDC=, DataSize=593, Duration=1.596503, RunGuid=RunIDC2474C444BCB7B2B03D5D1876E49DD4A
DDCTransactionId7D5D9AEF4B14EC5FFB78619D991694FC_10, PutCachedData=, CacheKey=NavCollision_B89838347A4348138EE337A847529C5C_NavCollision_X_A2C4623D4D57D28F4__D761D921DB660AD7C3A651AF91264617A28EC9DC, StartTime=2016.05.12-15.36.52, HierarchicalDDC=, DataSize=593, Duration=1.355395, RunGuid=RunIDC2474C444BCB7B2B03D5D1876E49DD4A
DDCTransactionId828C41E24ED41395DDCC7EBDCBB9E79F_10, PutCachedData=, CacheKey=NavCollision_B89838347A4348138EE337A847529C5C_NavCollision_X_C5B656C84510FFF78__DA68BB8BDDB656A768D596006349C0E62805F341, StartTime=2016.05.12-15.36.52, HierarchicalDDC=, DataSize=641, Duration=1.400393, RunGuid=RunIDC2474C444BCB7B2B03D5D1876E49DD4A
DDCTransactionId7D5D9AEF4B14EC5FFB78619D991694FC_11, PutCachedData=, CacheKey=NavCollision_B89838347A4348138EE337A847529C5C_NavCollision_X_A94002BB4CE66466C__C1B318CCC4CA1F647060C5DEF8A5D5DD981E6E3F, StartTime=2016.05.12-15.36.52, HierarchicalDDC=, DataSize=3473, Duration=1.693625, RunGuid=RunIDC2474C444BCB7B2B03D5D1876E49DD4A
DDCTransactionId7DC234004E32262DBD0BED993EBE87B0_10, PutCachedData=, CacheKey=NavCollision_B89838347A4348138EE337A847529C5C_NavCollision_X_EC10E43545D5E94CB__73E9DD84BE86240E8D2E1A281D35B29A44D26D97, StartTime=2016.05.12-15.36.52, HierarchicalDDC=, DataSize=1937, Duration=1.372464, RunGuid=RunIDC2474C444BCB7B2B03D5D1876E49DD4A
DDCTransactionId828C41E24ED41395DDCC7EBDCBB9E79F_11, PutCachedData=, CacheKey=NavCollision_B89838347A4348138EE337A847529C5C_NavCollision_X_DB5D17E047378EC52__6FE56638859DE683D8C2462761CB44A2EDD5BDC4, StartTime=2016.05.12-15.36.52, HierarchicalDDC=, DataSize=1169, Duration=1.405355, RunGuid=RunIDC2474C444BCB7B2B03D5D1876E49DD4A
DDCTransactionId7DC234004E32262DBD0BED993EBE87B0_11, PutCachedData=, CacheKey=NavCollision_B89838347A4348138EE337A847529C5C_NavCollision_X_AE4658EB47EA72C8B__670AE3D0A1A05207C193C6B48627B78BD950BB8A, StartTime=2016.05.12-15.36.52, HierarchicalDDC=, DataSize=497, Duration=1.630012, RunGuid=RunIDC2474C444BCB7B2B03D5D1876E49DD4A
DDCTransactionId7D5D9AEF4B14EC5FFB78619D991694FC_12, PutCachedData=, CacheKey=NavCollision_B89838347A4348138EE337A847529C5C_NavCollision_X_FD1E7ABC4D6310D09__B9ABA567F953BA6F172EC9906DA11D1F9430A5F0, StartTime=2016.05.12-15.36.52, HierarchicalDDC=, DataSize=497, Duration=1.669109, RunGuid=RunIDC2474C444BCB7B2B03D5D1876E49DD4A
DDCTransactionId828C41E24ED41395DDCC7EBDCBB9E79F_12, PutCachedData=, CacheKey=NavCollision_B89838347A4348138EE337A847529C5C_NavCollision_X_3A70166744F17DD2F__49F55FD4209573638657D1137B312682F8579F48, StartTime=2016.05.12-15.36.52, HierarchicalDDC=, DataSize=497, Duration=1.763131, RunGuid=RunIDC2474C444BCB7B2B03D5D1876E49DD4A
DDCTransactionId7DC234004E32262DBD0BED993EBE87B0_12, PutCachedData=, CacheKey=NavCollision_B89838347A4348138EE337A847529C5C_NavCollision_X_D58AA10643B72A995__A49CBFE2E4E4E824CED80DE0CCDE16641C569459, StartTime=2016.05.12-15.36.52, HierarchicalDDC=, DataSize=593, Duration=1.566403, RunGuid=RunIDC2474C444BCB7B2B03D5D1876E49DD4A
DDCTransactionId7D5D9AEF4B14EC5FFB78619D991694FC_13, PutCachedData=, CacheKey=NavCollision_B89838347A4348138EE337A847529C5C_NavCollision_X_9541391D42839B913__4E4ABE26BA8D671A8D8A2322A3CE353EB7745CF5, StartTime=2016.05.12-15.36.52, HierarchicalDDC=, DataSize=497, Duration=1.144078, RunGuid=RunIDC2474C444BCB7B2B03D5D1876E49DD4A
DDCTransactionId828C41E24ED41395DDCC7EBDCBB9E79F_13, PutCachedData=, CacheKey=NavCollision_B89838347A4348138EE337A847529C5C_NavCollision_X_04FF380840869CFF8__E80941D9E34001AD6AA7A93EC29BBE587250D571, StartTime=2016.05.12-15.36.52, HierarchicalDDC=, DataSize=497, Duration=2.862528, RunGuid=RunIDC2474C444BCB7B2B03D5D1876E49DD4A
DDCTransactionId7D5D9AEF4B14EC5FFB78619D991694FC_14, PutCachedData=, CacheKey=NavCollision_B89838347A4348138EE337A847529C5C_NavCollision_X_C7B56C4C4BFD128EF__A7016C84322D327835E89D06089754A5D0FBFCEB, StartTime=2016.05.12-15.36.52, HierarchicalDDC=, DataSize=497, Duration=1.822710, RunGuid=RunIDC2474C444BCB7B2B03D5D1876E49DD4A
DDCTransactionId7DC234004E32262DBD0BED993EBE87B0_13, PutCachedData=, CacheKey=NavCollision_B89838347A4348138EE337A847529C5C_NavCollision_X_1887D8AB40A7AA00E__21BCB1E7DADBE68B131D81181979D2D9ECC3FB43, StartTime=2016.05.12-15.36.52, HierarchicalDDC=, DataSize=497, Duration=3.149558, RunGuid=RunIDC2474C444BCB7B2B03D5D1876E49DD4A
DDCTransactionId828C41E24ED41395DDCC7EBDCBB9E79F_14, PutCachedData=, CacheKey=NavCollision_B89838347A4348138EE337A847529C5C_NavCollision_X_7B7C1085483134DD3__55200F1F1F0C89629972E19820E6A396D4D0B7FA, StartTime=2016.05.12-15.36.52, HierarchicalDDC=, DataSize=497, Duration=1.537543, RunGuid=RunIDC2474C444BCB7B2B03D5D1876E49DD4A
DDCTransactionId7D5D9AEF4B14EC5FFB78619D991694FC_15, PutCachedData=, CacheKey=NavCollision_B89838347A4348138EE337A847529C5C_NavCollision_X_C64347F8487D96786__4018499C1FC96180CF8D62BAA48CAE1922B12980, StartTime=2016.05.12-15.36.52, HierarchicalDDC=, DataSize=497, Duration=2.958410, RunGuid=RunIDC2474C444BCB7B2B03D5D1876E49DD4A
DDCTransactionId7DC234004E32262DBD0BED993EBE87B0_14, PutCachedData=, CacheKey=NavCollision_B89838347A4348138EE337A847529C5C_NavCollision_X_76D20F3C4513287C1__536BE1FE600D102AD878122535092F65B9473C1B, StartTime=2016.05.12-15.36.52, HierarchicalDDC=, DataSize=593, Duration=2.658658, RunGuid=RunIDC2474C444BCB7B2B03D5D1876E49DD4A
DDCTransactionId828C41E24ED41395DDCC7EBDCBB9E79F_15, PutCachedData=, CacheKey=NavCollision_B89838347A4348138EE337A847529C5C_NavCollision_X_A50DAF29418D03E33__E1CC772EC15CA9FCF4980910045BFC52E03279B0, StartTime=2016.05.12-15.36.52, HierarchicalDDC=, DataSize=497, Duration=1.502167, RunGuid=RunIDC2474C444BCB7B2B03D5D1876E49DD4A
DDCTransactionId7D5D9AEF4B14EC5FFB78619D991694FC_16, PutCachedData=, CacheKey=NavCollision_B89838347A4348138EE337A847529C5C_NavCollision_X_7C8EDAC6483D8FB42__898D284255FCA16826CF32BC7DC4ABEA7D1DE824, StartTime=2016.05.12-15.36.52, HierarchicalDDC=, DataSize=497, Duration=4.074875, RunGuid=RunIDC2474C444BCB7B2B03D5D1876E49DD4A
DDCTransactionId828C41E24ED41395DDCC7EBDCBB9E79F_16, PutCachedData=, CacheKey=NavCollision_B89838347A4348138EE337A847529C5C_NavCollision_X_9DF42A954CC403BBA__9839676900104BED2ADF033743F5119BA5CB7912, StartTime=2016.05.12-15.36.52, HierarchicalDDC=, DataSize=497, Duration=1.498133, RunGuid=RunIDC2474C444BCB7B2B03D5D1876E49DD4A
DDCTransactionId7DC234004E32262DBD0BED993EBE87B0_15, PutCachedData=, CacheKey=NavCollision_B89838347A4348138EE337A847529C5C_NavCollision_X_8048DE98490198C67__D74CB5240AE96DAED67F22962203367785740302, StartTime=2016.05.12-15.36.52, HierarchicalDDC=, DataSize=497, Duration=2.196312, RunGuid=RunIDC2474C444BCB7B2B03D5D1876E49DD4A
DDCTransactionId828C41E24ED41395DDCC7EBDCBB9E79F_17, PutCachedData=, CacheKey=NavCollision_B89838347A4348138EE337A847529C5C_NavCollision_X_42C9EAD0438075B76__49A934D48C79D74F22FF02C0F44CE3F4B9FD1D08, StartTime=2016.05.12-15.36.52, HierarchicalDDC=, DataSize=497, Duration=1.850016, RunGuid=RunIDC2474C444BCB7B2B03D5D1876E49DD4A
DDCTransactionId7DC234004E32262DBD0BED993EBE87B0_16, PutCachedData=, CacheKey=NavCollision_B89838347A4348138EE337A847529C5C_NavCollision_X_992BB0114B4DDAFD2__38CA14ED1AFC66F91C71E30B6E02C6C6C04CEDB9, StartTime=2016.05.12-15.36.52, HierarchicalDDC=, DataSize=593, Duration=1.470208, RunGuid=RunIDC2474C444BCB7B2B03D5D1876E49DD4A
DDCTransactionId828C41E24ED41395DDCC7EBDCBB9E79F_18, PutCachedData=, CacheKey=NavCollision_B89838347A4348138EE337A847529C5C_NavCollision_X_3424587E45B3DDE1C__88ED2378DC9F70AEE2B0405675E62352069F534B, StartTime=2016.05.12-15.36.52, HierarchicalDDC=, DataSize=497, Duration=2.655245, RunGuid=RunIDC2474C444BCB7B2B03D5D1876E49DD4A
DDCTransactionId7D5D9AEF4B14EC5FFB78619D991694FC_17, PutCachedData=, CacheKey=NavCollision_B89838347A4348138EE337A847529C5C_NavCollision_X_7B2931BB40BD99680__3FB346CE786B87993A7986D5E055C71A57C13F6C, StartTime=2016.05.12-15.36.52, HierarchicalDDC=, DataSize=593, Duration=1.815572, RunGuid=RunIDC2474C444BCB7B2B03D5D1876E49DD4A
DDCTransactionId7DC234004E32262DBD0BED993EBE87B0_17, PutCachedData=, CacheKey=NavCollision_B89838347A4348138EE337A847529C5C_NavCollision_X_637F1E904EBBAAD36__21560AECBDA4B1FAF3DEB1FDD67F55F3FC8836A4, StartTime=2016.05.12-15.36.52, HierarchicalDDC=, DataSize=497, Duration=1.614500, RunGuid=RunIDC2474C444BCB7B2B03D5D1876E49DD4A
DDCTransactionId7D5D9AEF4B14EC5FFB78619D991694FC_18, PutCachedData=, CacheKey=NavCollision_B89838347A4348138EE337A847529C5C_NavCollision_X_874A4B104820B14BF__3966329BA6647B101D3A74EFD22143687EFC0329, StartTime=2016.05.12-15.36.52, HierarchicalDDC=, DataSize=497, Duration=1.549955, RunGuid=RunIDC2474C444BCB7B2B03D5D1876E49DD4A
DDCTransactionId828C41E24ED41395DDCC7EBDCBB9E79F_19, PutCachedData=, CacheKey=NavCollision_B89838347A4348138EE337A847529C5C_NavCollision_X_6C499D464BE0E367F__CB742B1994C83335A5F1F2EF4DEA8375482F85B5, StartTime=2016.05.12-15.36.52, HierarchicalDDC=, DataSize=497, Duration=1.480136, RunGuid=RunIDC2474C444BCB7B2B03D5D1876E49DD4A
DDCTransactionId7DC234004E32262DBD0BED993EBE87B0_18, PutCachedData=, CacheKey=NavCollision_B89838347A4348138EE337A847529C5C_NavCollision_X_675B74964E919BC91__598D117C3A885F36002153F74DE20A766E61D992, StartTime=2016.05.12-15.36.52, HierarchicalDDC=, DataSize=497, Duration=2.535783, RunGuid=RunIDC2474C444BCB7B2B03D5D1876E49DD4A
DDCTransactionId7D5D9AEF4B14EC5FFB78619D991694FC_19, PutCachedData=, CacheKey=NavCollision_B89838347A4348138EE337A847529C5C_NavCollision_X_2CA229B14F80EB4CE__F46EC0A6E774BB61E260D54A50F33BAED758C4E1, StartTime=2016.05.12-15.36.52, HierarchicalDDC=, DataSize=497, Duration=1.727760, RunGuid=RunIDC2474C444BCB7B2B03D5D1876E49DD4A
DDCTransactionId828C41E24ED41395DDCC7EBDCBB9E79F_20, PutCachedData=, CacheKey=NavCollision_B89838347A4348138EE337A847529C5C_NavCollision_X_01DC8E2145477D314__FC3F054212B04CFFD386DF47339A742E15300073, StartTime=2016.05.12-15.36.52, HierarchicalDDC=, DataSize=497, Duration=1.761269, RunGuid=RunIDC2474C444BCB7B2B03D5D1876E49DD4A
DDCTransactionId7DC234004E32262DBD0BED993EBE87B0_19, PutCachedData=, CacheKey=NavCollision_B89838347A4348138EE337A847529C5C_NavCollision_X_1795304A47A54E4C2__2A5646FDADEABBC48AA02292A9F06E1BC26BE495, StartTime=2016.05.12-15.36.52, HierarchicalDDC=, DataSize=593, Duration=1.529474, RunGuid=RunIDC2474C444BCB7B2B03D5D1876E49DD4A
DDCTransactionId7D5D9AEF4B14EC5FFB78619D991694FC_20, PutCachedData=, CacheKey=NavCollision_B89838347A4348138EE337A847529C5C_NavCollision_X_F63FB5DC4E3E7CD5D__F4C06F2142936F7455ADAA8ABA684523072A156E, StartTime=2016.05.12-15.36.52, HierarchicalDDC=, DataSize=497, Duration=3.868837, RunGuid=RunIDC2474C444BCB7B2B03D5D1876E49DD4A
DDCTransactionId828C41E24ED41395DDCC7EBDCBB9E79F_21, PutCachedData=, CacheKey=NavCollision_B89838347A4348138EE337A847529C5C_NavCollision_X_A934C103487FB5019__06E9806AA4E5EA3AF361722C7C477A10ED06E2A4, StartTime=2016.05.12-15.36.52, HierarchicalDDC=, DataSize=641, Duration=1.470517, RunGuid=RunIDC2474C444BCB7B2B03D5D1876E49DD4A
DDCTransactionId7DC234004E32262DBD0BED993EBE87B0_20, PutCachedData=, CacheKey=NavCollision_B89838347A4348138EE337A847529C5C_NavCollision_X_5D78C9AB4337AB834__DE72BA7BEAFA63BDB40774DBF7D6E9441503BF1A, StartTime=2016.05.12-15.36.52, HierarchicalDDC=, DataSize=497, Duration=2.269544, RunGuid=RunIDC2474C444BCB7B2B03D5D1876E49DD4A
DDCTransactionId828C41E24ED41395DDCC7EBDCBB9E79F_22, PutCachedData=, CacheKey=NavCollision_B89838347A4348138EE337A847529C5C_NavCollision_X_42588EF144739EDCE__EB5991DED12BB26F5539CA1BECD00709F2F020FF, StartTime=2016.05.12-15.36.52, HierarchicalDDC=, DataSize=497, Duration=1.992755, RunGuid=RunIDC2474C444BCB7B2B03D5D1876E49DD4A
DDCTransactionId7DC234004E32262DBD0BED993EBE87B0_21, PutCachedData=, CacheKey=NavCollision_B89838347A4348138EE337A847529C5C_NavCollision_X_9899F65347A5F9805__0B0B178ACD387588C96CEEFEC34A5D91691121BB, StartTime=2016.05.12-15.36.52, HierarchicalDDC=, DataSize=497, Duration=3.464516, RunGuid=RunIDC2474C444BCB7B2B03D5D1876E49DD4A
DDCTransactionId828C41E24ED41395DDCC7EBDCBB9E79F_23, PutCachedData=, CacheKey=NavCollision_B89838347A4348138EE337A847529C5C_NavCollision_X_4591EF0D4DEF3A6D2__880595DBC7732055AFDC3710E570E9B1ADB6C2AD, StartTime=2016.05.12-15.36.52, HierarchicalDDC=, DataSize=497, Duration=3.366150, RunGuid=RunIDC2474C444BCB7B2B03D5D1876E49DD4A
DDCTransactionId7D5D9AEF4B14EC5FFB78619D991694FC_21, PutCachedData=, CacheKey=NavCollision_B89838347A4348138EE337A847529C5C_NavCollision_X_A98BA93942134AB95__3002410E899CC80430A5731D63F3E2D06D60DA8C, StartTime=2016.05.12-15.36.52, HierarchicalDDC=, DataSize=497, Duration=3.273677, RunGuid=RunIDC2474C444BCB7B2B03D5D1876E49DD4A
DDCTransactionId828C41E24ED41395DDCC7EBDCBB9E79F_24, PutCachedData=, CacheKey=NavCollision_B89838347A4348138EE337A847529C5C_NavCollision_X_0FD1DF0A4B5E074CE__A8E879478D5241A8CC612F2F0E7F04F644B03A76, StartTime=2016.05.12-15.36.52, HierarchicalDDC=, DataSize=497, Duration=1.530405, RunGuid=RunIDC2474C444BCB7B2B03D5D1876E49DD4A
DDCTransactionId7D5D9AEF4B14EC5FFB78619D991694FC_22, PutCachedData=, CacheKey=NavCollision_B89838347A4348138EE337A847529C5C_NavCollision_X_055F90D34F3F579B2__3D1192AC899B5F26D48ABF30475A9057A45E80E1, StartTime=2016.05.12-15.36.52, HierarchicalDDC=, DataSize=497, Duration=1.571987, RunGuid=RunIDC2474C444BCB7B2B03D5D1876E49DD4A
DDCTransactionId7DC234004E32262DBD0BED993EBE87B0_22, PutCachedData=, CacheKey=NavCollision_B89838347A4348138EE337A847529C5C_NavCollision_X_C41969FB4DC530B68__50D1FE910C3A1E8DB5805710E7793ECBCE4B2CF1, StartTime=2016.05.12-15.36.52, HierarchicalDDC=, DataSize=497, Duration=1.552436, RunGuid=RunIDC2474C444BCB7B2B03D5D1876E49DD4A
DDCTransactionId828C41E24ED41395DDCC7EBDCBB9E79F_25, PutCachedData=, CacheKey=NavCollision_B89838347A4348138EE337A847529C5C_NavCollision_X_AE3D55B64B5838953__71FE447B3841FAA77B694D6A5EC456EED89E4E32, StartTime=2016.05.12-15.36.52, HierarchicalDDC=, DataSize=497, Duration=1.471762, RunGuid=RunIDC2474C444BCB7B2B03D5D1876E49DD4A
DDCTransactionId7D5D9AEF4B14EC5FFB78619D991694FC_23, PutCachedData=, CacheKey=NavCollision_B89838347A4348138EE337A847529C5C_NavCollision_X_0A989EBA4D03B7DD2__C87B781DD49308A101DBF08CE9ED3DBA9B45ADE0, StartTime=2016.05.12-15.36.52, HierarchicalDDC=, DataSize=497, Duration=3.555741, RunGuid=RunIDC2474C444BCB7B2B03D5D1876E49DD4A
DDCTransactionId7DC234004E32262DBD0BED993EBE87B0_23, PutCachedData=, CacheKey=NavCollision_B89838347A4348138EE337A847529C5C_NavCollision_X_5B1EB38B417DF422E__960E6EE5F2F21227BD41A3F5FDD685817C781F06, StartTime=2016.05.12-15.36.52, HierarchicalDDC=, DataSize=689, Duration=1.129184, RunGuid=RunIDC2474C444BCB7B2B03D5D1876E49DD4A
DDCTransactionId7DC234004E32262DBD0BED993EBE87B0_24, PutCachedData=, CacheKey=NavCollision_B89838347A4348138EE337A847529C5C_NavCollision_X_F7539FBA48A2A0341__B4C694E3101BA8734B4321714BFE1853838022CA, StartTime=2016.05.12-15.36.52, HierarchicalDDC=, DataSize=593, Duration=1.342982, RunGuid=RunIDC2474C444BCB7B2B03D5D1876E49DD4A
DDCTransactionId828C41E24ED41395DDCC7EBDCBB9E79F_26, PutCachedData=, CacheKey=NavCollision_B89838347A4348138EE337A847529C5C_NavCollision_X_36CC6E394AABB9505__B4780772E5D5FC9741D912AD333703888B082CF0, StartTime=2016.05.12-15.36.52, HierarchicalDDC=, DataSize=593, Duration=1.351051, RunGuid=RunIDC2474C444BCB7B2B03D5D1876E49DD4A
DDCTransactionId7DC234004E32262DBD0BED993EBE87B0_25, PutCachedData=, CacheKey=NavCollision_B89838347A4348138EE337A847529C5C_NavCollision_X_6741DE2E42F7A753F__EBBBF29A6FDBBFE6416FB15EB262CDFC32D62752, StartTime=2016.05.12-15.36.52, HierarchicalDDC=, DataSize=593, Duration=1.483548, RunGuid=RunIDC2474C444BCB7B2B03D5D1876E49DD4A
DDCTransactionId828C41E24ED41395DDCC7EBDCBB9E79F_27, PutCachedData=, CacheKey=NavCollision_B89838347A4348138EE337A847529C5C_NavCollision_X_AD54295C451A9185A__AF788834A6A015218E0997494E374D2269C9B6FF, StartTime=2016.05.12-15.36.52, HierarchicalDDC=, DataSize=689, Duration=1.501858, RunGuid=RunIDC2474C444BCB7B2B03D5D1876E49DD4A
DDCTransactionId7D5D9AEF4B14EC5FFB78619D991694FC_24, PutCachedData=, CacheKey=NavCollision_B89838347A4348138EE337A847529C5C_NavCollision_X_AD59946342F70EF8A__68B04276C0458EB2FD10D8DE23ACC6B46781B3FF, StartTime=2016.05.12-15.36.52, HierarchicalDDC=, DataSize=689, Duration=1.459654, RunGuid=RunIDC2474C444BCB7B2B03D5D1876E49DD4A
DDCTransactionId7DC234004E32262DBD0BED993EBE87B0_26, PutCachedData=, CacheKey=NavCollision_B89838347A4348138EE337A847529C5C_NavCollision_X_FB235C0A4ECDF68CE__621EA3F5D9C304AD5AC489B6ADB98A85BCB56296, StartTime=2016.05.12-15.36.52, HierarchicalDDC=, DataSize=593, Duration=1.390770, RunGuid=RunIDC2474C444BCB7B2B03D5D1876E49DD4A
DDCTransactionId828C41E24ED41395DDCC7EBDCBB9E79F_28, PutCachedData=, CacheKey=NavCollision_B89838347A4348138EE337A847529C5C_NavCollision_X_9B24DF2147594E296__A72985D034B9474917AF9317E04DE1E97849CB6E, StartTime=2016.05.12-15.36.52, HierarchicalDDC=, DataSize=497, Duration=1.529787, RunGuid=RunIDC2474C444BCB7B2B03D5D1876E49DD4A
DDCTransactionId7D5D9AEF4B14EC5FFB78619D991694FC_25, PutCachedData=, CacheKey=NavCollision_B89838347A4348138EE337A847529C5C_NavCollision_X_AD820FED4FFB930DE__FBA321BBF7DD4D7D9DC9E1C3D4E0C4FCD7F804B0, StartTime=2016.05.12-15.36.52, HierarchicalDDC=, DataSize=497, Duration=1.415592, RunGuid=RunIDC2474C444BCB7B2B03D5D1876E49DD4A
DDCTransactionId7DC234004E32262DBD0BED993EBE87B0_27, PutCachedData=, CacheKey=NavCollision_B89838347A4348138EE337A847529C5C_NavCollision_X_3155BD9949C4F83BE__4D1DE799C3A04F8BFAC5DB47B5C5128FE5B16E8F, StartTime=2016.05.12-15.36.52, HierarchicalDDC=, DataSize=497, Duration=1.510236, RunGuid=RunIDC2474C444BCB7B2B03D5D1876E49DD4A
DDCTransactionId828C41E24ED41395DDCC7EBDCBB9E79F_29, PutCachedData=, CacheKey=NavCollision_B89838347A4348138EE337A847529C5C_NavCollision_X_712BBD59438B6B02A__8FF041F14B8A51B6091294C7901CB311A20070B3, StartTime=2016.05.12-15.36.52, HierarchicalDDC=, DataSize=497, Duration=1.283407, RunGuid=RunIDC2474C444BCB7B2B03D5D1876E49DD4A
DDCTransactionId7D5D9AEF4B14EC5FFB78619D991694FC_26, PutCachedData=, CacheKey=NavCollision_B89838347A4348138EE337A847529C5C_NavCollision_X_6D0AC84B45DF20A9D__C2E559D7F9DFBC723B67E3013CE680721EF5EFAA, StartTime=2016.05.12-15.36.52, HierarchicalDDC=, DataSize=497, Duration=1.578502, RunGuid=RunIDC2474C444BCB7B2B03D5D1876E49DD4A
DDCTransactionId7DC234004E32262DBD0BED993EBE87B0_28, PutCachedData=, CacheKey=NavCollision_B89838347A4348138EE337A847529C5C_NavCollision_X_86ACC4DA4FCA40FB8__9D47DDA8BA998C706E39A7FADA692F0488C0782E, StartTime=2016.05.12-15.36.52, HierarchicalDDC=, DataSize=785, Duration=2.896041, RunGuid=RunIDC2474C444BCB7B2B03D5D1876E49DD4A
DDCTransactionId828C41E24ED41395DDCC7EBDCBB9E79F_30, PutCachedData=, CacheKey=NavCollision_B89838347A4348138EE337A847529C5C_NavCollision_X_2846915443EFDA0D5__1ECAB74A6EFE6756A4BBFE0D15D57016320B225B, StartTime=2016.05.12-15.36.52, HierarchicalDDC=, DataSize=593, Duration=1.518305, RunGuid=RunIDC2474C444BCB7B2B03D5D1876E49DD4A
DDCTransactionId7D5D9AEF4B14EC5FFB78619D991694FC_27, PutCachedData=, CacheKey=NavCollision_B89838347A4348138EE337A847529C5C_NavCollision_X_FBE1712B4098CC097__1CB59B881A54E82099972E077E71A1654C59A9FA, StartTime=2016.05.12-15.36.52, HierarchicalDDC=, DataSize=785, Duration=1.209866, RunGuid=RunIDC2474C444BCB7B2B03D5D1876E49DD4A
DDCTransactionId828C41E24ED41395DDCC7EBDCBB9E79F_31, PutCachedData=, CacheKey=NavCollision_B89838347A4348138EE337A847529C5C_NavCollision_X_9E78D25B444D82AC6__7D47516CAD8FE9CA840F4FAD9DD65FE7993AD2F0, StartTime=2016.05.12-15.36.52, HierarchicalDDC=, DataSize=497, Duration=1.504961, RunGuid=RunIDC2474C444BCB7B2B03D5D1876E49DD4A
DDCTransactionId7D5D9AEF4B14EC5FFB78619D991694FC_28, PutCachedData=, CacheKey=NavCollision_B89838347A4348138EE337A847529C5C_NavCollision_X_A1918AA7408899BA1__B047140D98991D0B51880FC2493E5714C0992D1B, StartTime=2016.05.12-15.36.52, HierarchicalDDC=, DataSize=593, Duration=1.733653, RunGuid=RunIDC2474C444BCB7B2B03D5D1876E49DD4A
DDCTransactionId7DC234004E32262DBD0BED993EBE87B0_29, PutCachedData=, CacheKey=NavCollision_B89838347A4348138EE337A847529C5C_NavCollision_X_481D8D604360CF52A__23CFF88F5D5154DC8F358779928878859033B6D0, StartTime=2016.05.12-15.36.52, HierarchicalDDC=, DataSize=497, Duration=1.700140, RunGuid=RunIDC2474C444BCB7B2B03D5D1876E49DD4A
DDCTransactionId828C41E24ED41395DDCC7EBDCBB9E79F_32, PutCachedData=, CacheKey=NavCollision_B89838347A4348138EE337A847529C5C_NavCollision_X_C99B761E402C235FB__EC210FAF2088A699E748A7E829BDD8D9DF75ABF9, StartTime=2016.05.12-15.36.52, HierarchicalDDC=, DataSize=497, Duration=1.536611, RunGuid=RunIDC2474C444BCB7B2B03D5D1876E49DD4A
DDCTransactionId7D5D9AEF4B14EC5FFB78619D991694FC_29, PutCachedData=, CacheKey=NavCollision_B89838347A4348138EE337A847529C5C_NavCollision_X_D38313B64CBA8E862__FD39BC2BAC3F2F7CA088857C43A73AAFDDF06E0E, StartTime=2016.05.12-15.36.52, HierarchicalDDC=, DataSize=593, Duration=1.510236, RunGuid=RunIDC2474C444BCB7B2B03D5D1876E49DD4A
DDCTransactionId7DC234004E32262DBD0BED993EBE87B0_30, PutCachedData=, CacheKey=NavCollision_B89838347A4348138EE337A847529C5C_NavCollision_X_90ECD8A942B6F2D77__A526947C2E84196F118051A1F7F6419106F8233B, StartTime=2016.05.12-15.36.52, HierarchicalDDC=, DataSize=785, Duration=1.586258, RunGuid=RunIDC2474C444BCB7B2B03D5D1876E49DD4A
DDCTransactionId828C41E24ED41395DDCC7EBDCBB9E79F_33, PutCachedData=, CacheKey=NavCollision_B89838347A4348138EE337A847529C5C_NavCollision_X_666BB401414FC55DB__CFEFC56C8953B10DB58B43C80F24F98E7A2D4133, StartTime=2016.05.12-15.36.52, HierarchicalDDC=, DataSize=497, Duration=1.650181, RunGuid=RunIDC2474C444BCB7B2B03D5D1876E49DD4A
DDCTransactionId7D5D9AEF4B14EC5FFB78619D991694FC_30, PutCachedData=, CacheKey=NavCollision_B89838347A4348138EE337A847529C5C_NavCollision_X_71D3C74746114CDDC__DF3DBCB138BAFD8542EBA8F591313B0FD73579FF, StartTime=2016.05.12-15.36.52, HierarchicalDDC=, DataSize=497, Duration=1.737688, RunGuid=RunIDC2474C444BCB7B2B03D5D1876E49DD4A
DDCTransactionId7DC234004E32262DBD0BED993EBE87B0_31, PutCachedData=, CacheKey=NavCollision_B89838347A4348138EE337A847529C5C_NavCollision_X_1DD1530E4675A15D8__A9AE9B1603D69D3368A6DB28F0058F46C8C95984, StartTime=2016.05.12-15.36.52, HierarchicalDDC=, DataSize=497, Duration=1.720313, RunGuid=RunIDC2474C444BCB7B2B03D5D1876E49DD4A
DDCTransactionId828C41E24ED41395DDCC7EBDCBB9E79F_34, PutCachedData=, CacheKey=NavCollision_B89838347A4348138EE337A847529C5C_NavCollision_X_C314FE984570C6763__8C191C49206649C92D5E2498427C18280F50D53F, StartTime=2016.05.12-15.36.52, HierarchicalDDC=, DataSize=497, Duration=1.586881, RunGuid=RunIDC2474C444BCB7B2B03D5D1876E49DD4A
DDCTransactionId7D5D9AEF4B14EC5FFB78619D991694FC_31, PutCachedData=, CacheKey=NavCollision_B89838347A4348138EE337A847529C5C_NavCollision_X_CB7F257546A5E2B8A__F9C56B5E430C392D552F169A62E9217DB13E0B94, StartTime=2016.05.12-15.36.52, HierarchicalDDC=, DataSize=497, Duration=1.564849, RunGuid=RunIDC2474C444BCB7B2B03D5D1876E49DD4A
DDCTransactionId7DC234004E32262DBD0BED993EBE87B0_32, PutCachedData=, CacheKey=NavCollision_B89838347A4348138EE337A847529C5C_NavCollision_X_0DFBC0BC4F9E4935D__CDD4BEA0843A977F7B21110F2CB33AA9EA9A98E1, StartTime=2016.05.12-15.36.52, HierarchicalDDC=, DataSize=593, Duration=1.556162, RunGuid=RunIDC2474C444BCB7B2B03D5D1876E49DD4A
DDCTransactionId828C41E24ED41395DDCC7EBDCBB9E79F_35, PutCachedData=, CacheKey=NavCollision_B89838347A4348138EE337A847529C5C_NavCollision_X_23787C364643D0007__04FBBBEE427AD97F57E052DDA6236DA3E552AF4C, StartTime=2016.05.12-15.36.52, HierarchicalDDC=, DataSize=593, Duration=1.435764, RunGuid=RunIDC2474C444BCB7B2B03D5D1876E49DD4A
DDCTransactionId7D5D9AEF4B14EC5FFB78619D991694FC_32, PutCachedData=, CacheKey=NavCollision_B89838347A4348138EE337A847529C5C_NavCollision_X_F236437C483DAFE95__B07EEAC2E6220DE359FF89F1C10CB7A8A31CEE2A, StartTime=2016.05.12-15.36.52, HierarchicalDDC=, DataSize=497, Duration=4.084185, RunGuid=RunIDC2474C444BCB7B2B03D5D1876E49DD4A
DDCTransactionId7DC234004E32262DBD0BED993EBE87B0_33, PutCachedData=, CacheKey=NavCollision_B89838347A4348138EE337A847529C5C_NavCollision_X_491F75484D087CCFD__14063DFA7113464A4D31BD1BA52A2B3066054FC7, StartTime=2016.05.12-15.36.52, HierarchicalDDC=, DataSize=1073, Duration=1.498446, RunGuid=RunIDC2474C444BCB7B2B03D5D1876E49DD4A
DDCTransactionId828C41E24ED41395DDCC7EBDCBB9E79F_36, PutCachedData=, CacheKey=NavCollision_B89838347A4348138EE337A847529C5C_NavCollision_X_A0F13EEF4B72FEDC7__3B8A0EC3DA74C5DA8DC1D14789CDE4B74D525954, StartTime=2016.05.12-15.36.52, HierarchicalDDC=, DataSize=497, Duration=4.868008, RunGuid=RunIDC2474C444BCB7B2B03D5D1876E49DD4A
DDCTransactionId7DC234004E32262DBD0BED993EBE87B0_34, PutCachedData=, CacheKey=NavCollision_B89838347A4348138EE337A847529C5C_NavCollision_X_7B58B5834766D4C19__086165B481F71FF1F300C81E2A454490BFE483BB, StartTime=2016.05.12-15.36.52, HierarchicalDDC=, DataSize=497, Duration=1.851566, RunGuid=RunIDC2474C444BCB7B2B03D5D1876E49DD4A
DDCTransactionId7DC234004E32262DBD0BED993EBE87B0_35, PutCachedData=, CacheKey=NavCollision_B89838347A4348138EE337A847529C5C_NavCollision_X_23B2B6F649C18FDA1__4CBDB47AB577D9C3E2228F7B685EA356497B1D73, StartTime=2016.05.12-15.36.52, HierarchicalDDC=, DataSize=497, Duration=1.288991, RunGuid=RunIDC2474C444BCB7B2B03D5D1876E49DD4A
DDCTransactionId7D5D9AEF4B14EC5FFB78619D991694FC_33, PutCachedData=, CacheKey=NavCollision_B89838347A4348138EE337A847529C5C_NavCollision_X_89AE7E7A495536A88__E4C7E420D1A790DDBDE19C156BFC57949112E33E, StartTime=2016.05.12-15.36.52, HierarchicalDDC=, DataSize=593, Duration=1.469899, RunGuid=RunIDC2474C444BCB7B2B03D5D1876E49DD4A
DDCTransactionId7DC234004E32262DBD0BED993EBE87B0_36, PutCachedData=, CacheKey=NavCollision_B89838347A4348138EE337A847529C5C_NavCollision_X_B2CD321F40A27C898__BBA90FD4CE6D36734980C25331003A458832000D, StartTime=2016.05.12-15.36.52, HierarchicalDDC=, DataSize=497, Duration=1.451589, RunGuid=RunIDC2474C444BCB7B2B03D5D1876E49DD4A
DDCTransactionId828C41E24ED41395DDCC7EBDCBB9E79F_37, PutCachedData=, CacheKey=NavCollision_B89838347A4348138EE337A847529C5C_NavCollision_X_A1FC54E04C209B31A__3ACCAC0A00E403621B84B9619B52202064A2A969, StartTime=2016.05.12-15.36.52, HierarchicalDDC=, DataSize=689, Duration=1.450658, RunGuid=RunIDC2474C444BCB7B2B03D5D1876E49DD4A
DDCTransactionId7D5D9AEF4B14EC5FFB78619D991694FC_34, PutCachedData=, CacheKey=NavCollision_B89838347A4348138EE337A847529C5C_NavCollision_X_93F5C3B546D6C19FC__82AD6E50614DA2CC30F6EEE2537163ED8BFF6D6E, StartTime=2016.05.12-15.36.52, HierarchicalDDC=, DataSize=593, Duration=1.472689, RunGuid=RunIDC2474C444BCB7B2B03D5D1876E49DD4A
DDCTransactionId7DC234004E32262DBD0BED993EBE87B0_37, PutCachedData=, CacheKey=NavCollision_B89838347A4348138EE337A847529C5C_NavCollision_X_AAF07B574850E1047__40DC34D1D415B15ADDF7D8395972BCF403E5E49A, StartTime=2016.05.12-15.36.52, HierarchicalDDC=, DataSize=497, Duration=1.505271, RunGuid=RunIDC2474C444BCB7B2B03D5D1876E49DD4A
DDCTransactionId828C41E24ED41395DDCC7EBDCBB9E79F_38, PutCachedData=, CacheKey=NavCollision_B89838347A4348138EE337A847529C5C_NavCollision_X_8D7B14A14B458FEA5__4A2606284C2360F2BB3FF6F7923CF5D5BCD7736F, StartTime=2016.05.12-15.36.52, HierarchicalDDC=, DataSize=497, Duration=1.628458, RunGuid=RunIDC2474C444BCB7B2B03D5D1876E49DD4A
DDCTransactionId7D5D9AEF4B14EC5FFB78619D991694FC_35, PutCachedData=, CacheKey=NavCollision_B89838347A4348138EE337A847529C5C_NavCollision_X_D134BEAC4BF850A42__B4FB5D2270F1ECFDC7D43EE284567C8578322F87, StartTime=2016.05.12-15.36.52, HierarchicalDDC=, DataSize=593, Duration=1.511477, RunGuid=RunIDC2474C444BCB7B2B03D5D1876E49DD4A
DDCTransactionId7DC234004E32262DBD0BED993EBE87B0_38, PutCachedData=, CacheKey=NavCollision_B89838347A4348138EE337A847529C5C_NavCollision_X_EFDCEBD34558F63AC__D290626A16870CED255A30C2EA09F3D3021CD632, StartTime=2016.05.12-15.36.52, HierarchicalDDC=, DataSize=497, Duration=1.662903, RunGuid=RunIDC2474C444BCB7B2B03D5D1876E49DD4A
DDCTransactionId828C41E24ED41395DDCC7EBDCBB9E79F_39, PutCachedData=, CacheKey=NavCollision_B89838347A4348138EE337A847529C5C_NavCollision_X_252B19C64C72FFDE4__12C4AF786C4CF456394C443DE77F94022D3C53B1, StartTime=2016.05.12-15.36.52, HierarchicalDDC=, DataSize=497, Duration=1.746375, RunGuid=RunIDC2474C444BCB7B2B03D5D1876E49DD4A
DDCTransactionId7D5D9AEF4B14EC5FFB78619D991694FC_36, PutCachedData=, CacheKey=NavCollision_B89838347A4348138EE337A847529C5C_NavCollision_X_ECC8F77242372ABFE__485123896AE66ACA968C38DB19AB2F9C7F1D61CE, StartTime=2016.05.12-15.36.52, HierarchicalDDC=, DataSize=929, Duration=1.672212, RunGuid=RunIDC2474C444BCB7B2B03D5D1876E49DD4A
DDCTransactionId7DC234004E32262DBD0BED993EBE87B0_39, PutCachedData=, CacheKey=NavCollision_B89838347A4348138EE337A847529C5C_NavCollision_X_DD9126874CC92BE25__53A55A0C0EE3FDB65B6E86B42ABDED2A58173F72, StartTime=2016.05.12-15.36.52, HierarchicalDDC=, DataSize=689, Duration=1.230966, RunGuid=RunIDC2474C444BCB7B2B03D5D1876E49DD4A
DDCTransactionId7D5D9AEF4B14EC5FFB78619D991694FC_37, PutCachedData=, CacheKey=NavCollision_B89838347A4348138EE337A847529C5C_NavCollision_X_ACC9047C4AD2D3759__454D85309CFBD815463239C75C15220CA56A92C7, StartTime=2016.05.12-15.36.52, HierarchicalDDC=, DataSize=497, Duration=1.754135, RunGuid=RunIDC2474C444BCB7B2B03D5D1876E49DD4A
DDCTransactionId828C41E24ED41395DDCC7EBDCBB9E79F_40, PutCachedData=, CacheKey=NavCollision_B89838347A4348138EE337A847529C5C_NavCollision_X_BD702127498BC1E8E__40E6294BE1E704395E327E6FE56F343541FEBA7D, StartTime=2016.05.12-15.36.52, HierarchicalDDC=, DataSize=497, Duration=1.826745, RunGuid=RunIDC2474C444BCB7B2B03D5D1876E49DD4A
DDCTransactionId7DC234004E32262DBD0BED993EBE87B0_40, PutCachedData=, CacheKey=NavCollision_B89838347A4348138EE337A847529C5C_NavCollision_X_460310484DDBEFE43__5D303E38038ED306ACC2368C7490FD7755E74A2A, StartTime=2016.05.12-15.36.52, HierarchicalDDC=, DataSize=497, Duration=1.592469, RunGuid=RunIDC2474C444BCB7B2B03D5D1876E49DD4A
DDCTransactionId7D5D9AEF4B14EC5FFB78619D991694FC_38, PutCachedData=, CacheKey=NavCollision_B89838347A4348138EE337A847529C5C_NavCollision_X_22019F9746677A1D5__ECDB33F29D32922C4A775ED75947A421196043F9, StartTime=2016.05.12-15.36.52, HierarchicalDDC=, DataSize=593, Duration=1.569815, RunGuid=RunIDC2474C444BCB7B2B03D5D1876E49DD4A
DDCTransactionId828C41E24ED41395DDCC7EBDCBB9E79F_41, PutCachedData=, CacheKey=NavCollision_B89838347A4348138EE337A847529C5C_NavCollision_X_FC90ABFF449761DC6__BF013AC63443D992A78545DE050B116D22B3FF50, StartTime=2016.05.12-15.36.52, HierarchicalDDC=, DataSize=593, Duration=1.418386, RunGuid=RunIDC2474C444BCB7B2B03D5D1876E49DD4A
DDCTransactionId7DC234004E32262DBD0BED993EBE87B0_41, PutCachedData=, CacheKey=NavCollision_B89838347A4348138EE337A847529C5C_NavCollision_X_DD6D137443A96BE4A__539FCD2FBC374249F857F6F0F2165B8A3EFEE48B, StartTime=2016.05.12-15.36.52, HierarchicalDDC=, DataSize=593, Duration=1.439486, RunGuid=RunIDC2474C444BCB7B2B03D5D1876E49DD4A
DDCTransactionId828C41E24ED41395DDCC7EBDCBB9E79F_42, PutCachedData=, CacheKey=NavCollision_B89838347A4348138EE337A847529C5C_NavCollision_X_D86919DF4AC1EBA6C__055AEB246E5989A7E949C144F2628BD40F9F649F, StartTime=2016.05.12-15.36.52, HierarchicalDDC=, DataSize=593, Duration=1.469277, RunGuid=RunIDC2474C444BCB7B2B03D5D1876E49DD4A
DDCTransactionId7D5D9AEF4B14EC5FFB78619D991694FC_39, PutCachedData=, CacheKey=NavCollision_B89838347A4348138EE337A847529C5C_NavCollision_X_68560560498E704F7__6A05F919DB8B39AE51069C52DEBE42D78EDE2AEB, StartTime=2016.05.12-15.36.52, HierarchicalDDC=, DataSize=497, Duration=2.488304, RunGuid=RunIDC2474C444BCB7B2B03D5D1876E49DD4A
DDCTransactionId7DC234004E32262DBD0BED993EBE87B0_42, PutCachedData=, CacheKey=NavCollision_B89838347A4348138EE337A847529C5C_NavCollision_X_2D455E2B40AA384DB__AF79FCA1C1D35703ABE868A190B1D1A598BFD9FF, StartTime=2016.05.12-15.36.52, HierarchicalDDC=, DataSize=497, Duration=1.720309, RunGuid=RunIDC2474C444BCB7B2B03D5D1876E49DD4A
DDCTransactionId828C41E24ED41395DDCC7EBDCBB9E79F_43, PutCachedData=, CacheKey=NavCollision_B89838347A4348138EE337A847529C5C_NavCollision_X_CA488EEF47B0994F7__5882B02E08E83B76BBAB08D517CB6919DF3B5F73, StartTime=2016.05.12-15.36.52, HierarchicalDDC=, DataSize=593, Duration=1.380220, RunGuid=RunIDC2474C444BCB7B2B03D5D1876E49DD4A
DDCTransactionId7DC234004E32262DBD0BED993EBE87B0_43, PutCachedData=, CacheKey=NavCollision_B89838347A4348138EE337A847529C5C_NavCollision_X_AE0FB47E4C395B63C__66E01E8261D1C3360025AB9889DB6ECED80A1756, StartTime=2016.05.12-15.36.52, HierarchicalDDC=, DataSize=497, Duration=2.234478, RunGuid=RunIDC2474C444BCB7B2B03D5D1876E49DD4A
DDCTransactionId7D5D9AEF4B14EC5FFB78619D991694FC_40, PutCachedData=, CacheKey=NavCollision_B89838347A4348138EE337A847529C5C_NavCollision_X_8FB3CB4A47C336CA7__9E8688E0178BAA0FACFA606A1C8314EE29DD18F7, StartTime=2016.05.12-15.36.52, HierarchicalDDC=, DataSize=497, Duration=3.896452, RunGuid=RunIDC2474C444BCB7B2B03D5D1876E49DD4A
DDCTransactionId828C41E24ED41395DDCC7EBDCBB9E79F_44, PutCachedData=, CacheKey=NavCollision_B89838347A4348138EE337A847529C5C_NavCollision_X_0851EEEF428216F41__D5EDB9B7729481C87B4169C0EBFBB82DD62F8C48, StartTime=2016.05.12-15.36.52, HierarchicalDDC=, DataSize=497, Duration=3.469475, RunGuid=RunIDC2474C444BCB7B2B03D5D1876E49DD4A
DDCTransactionId7DC234004E32262DBD0BED993EBE87B0_44, PutCachedData=, CacheKey=NavCollision_B89838347A4348138EE337A847529C5C_NavCollision_X_46B441F94CB2A4C96__9B61087FE0DDC4400C04A274B6F0AF1B739F0BAE, StartTime=2016.05.12-15.36.52, HierarchicalDDC=, DataSize=593, Duration=1.335226, RunGuid=RunIDC2474C444BCB7B2B03D5D1876E49DD4A
DDCTransactionId7DC234004E32262DBD0BED993EBE87B0_45, PutCachedData=, CacheKey=NavCollision_B89838347A4348138EE337A847529C5C_NavCollision_X_4C2756454A272A37A__C428F52AB293ED17B37F360C8E600CC708AE4E17, StartTime=2016.05.12-15.36.52, HierarchicalDDC=, DataSize=497, Duration=2.755474, RunGuid=RunIDC2474C444BCB7B2B03D5D1876E49DD4A
DDCTransactionId828C41E24ED41395DDCC7EBDCBB9E79F_45, PutCachedData=, CacheKey=NavCollision_B89838347A4348138EE337A847529C5C_NavCollision_X_D212CA8E484DA8173__8A0BCDAD899A7F91649CE9C4C8C1084C4BC9740E, StartTime=2016.05.12-15.36.52, HierarchicalDDC=, DataSize=497, Duration=2.457894, RunGuid=RunIDC2474C444BCB7B2B03D5D1876E49DD4A
DDCTransactionId7D5D9AEF4B14EC5FFB78619D991694FC_41, PutCachedData=, CacheKey=NavCollision_B89838347A4348138EE337A847529C5C_NavCollision_X_BD5904994139168C1__CDF22832449B69364072B9F5D332683D3470F4EB, StartTime=2016.05.12-15.36.52, HierarchicalDDC=, DataSize=497, Duration=2.415385, RunGuid=RunIDC2474C444BCB7B2B03D5D1876E49DD4A
DDCTransactionId7DC234004E32262DBD0BED993EBE87B0_46, PutCachedData=, CacheKey=NavCollision_B89838347A4348138EE337A847529C5C_NavCollision_X_19550D86444B35A80__EBCC9FBCEEC4CB195E5F1A0F4DBC43F650E31CDE, StartTime=2016.05.12-15.36.52, HierarchicalDDC=, DataSize=497, Duration=1.460895, RunGuid=RunIDC2474C444BCB7B2B03D5D1876E49DD4A
DDCTransactionId828C41E24ED41395DDCC7EBDCBB9E79F_46, PutCachedData=, CacheKey=NavCollision_B89838347A4348138EE337A847529C5C_NavCollision_X_D1A70E2F49A45CFEF__08C57C38B5DC5FBFFAEE5FC09B18DC14AF54CE63, StartTime=2016.05.12-15.36.52, HierarchicalDDC=, DataSize=497, Duration=4.026160, RunGuid=RunIDC2474C444BCB7B2B03D5D1876E49DD4A
DDCTransactionId7D5D9AEF4B14EC5FFB78619D991694FC_42, PutCachedData=, CacheKey=NavCollision_B89838347A4348138EE337A847529C5C_NavCollision_X_C788323A433D27680__EE45B348D844EF1D3F66B1AFE382615B7923AE68, StartTime=2016.05.12-15.36.52, HierarchicalDDC=, DataSize=497, Duration=3.983647, RunGuid=RunIDC2474C444BCB7B2B03D5D1876E49DD4A
DDCTransactionId7DC234004E32262DBD0BED993EBE87B0_47, PutCachedData=, CacheKey=NavCollision_B89838347A4348138EE337A847529C5C_NavCollision_X_F1FAB26F4052237C7__4311C201AF21D494026CFA68CECDD3A5A75B3EDC, StartTime=2016.05.12-15.36.52, HierarchicalDDC=, DataSize=497, Duration=2.567742, RunGuid=RunIDC2474C444BCB7B2B03D5D1876E49DD4A
DDCTransactionId7D5D9AEF4B14EC5FFB78619D991694FC_43, PutCachedData=, CacheKey=NavCollision_B89838347A4348138EE337A847529C5C_NavCollision_X_52DB20DB49D93E203__CA77A24740C9C5E9C2BE8C3E50FCC7946015A873, StartTime=2016.05.12-15.36.52, HierarchicalDDC=, DataSize=497, Duration=2.582636, RunGuid=RunIDC2474C444BCB7B2B03D5D1876E49DD4A
DDCTransactionId828C41E24ED41395DDCC7EBDCBB9E79F_47, PutCachedData=, CacheKey=NavCollision_B89838347A4348138EE337A847529C5C_NavCollision_X_0154A5A84A345E183__99464FE868B085DD2F412F946B551BDEC97BBE57, StartTime=2016.05.12-15.36.52, HierarchicalDDC=, DataSize=497, Duration=3.330775, RunGuid=RunIDC2474C444BCB7B2B03D5D1876E49DD4A
DDCTransactionId7DC234004E32262DBD0BED993EBE87B0_48, PutCachedData=, CacheKey=NavCollision_B89838347A4348138EE337A847529C5C_NavCollision_X_9AB94E9C47D2104EF__7905AEC6BCABF11B547DE7455DDB3E9F8EB68E0D, StartTime=2016.05.12-15.36.52, HierarchicalDDC=, DataSize=593, Duration=1.474243, RunGuid=RunIDC2474C444BCB7B2B03D5D1876E49DD4A
DDCTransactionId7DC234004E32262DBD0BED993EBE87B0_49, PutCachedData=, CacheKey=NavCollision_B89838347A4348138EE337A847529C5C_NavCollision_X_1AFA63214F69CFC31__F2B425AFBB4F1E064BBAD41396921684B8AAE916, StartTime=2016.05.12-15.36.52, HierarchicalDDC=, DataSize=593, Duration=1.284648, RunGuid=RunIDC2474C444BCB7B2B03D5D1876E49DD4A
DDCTransactionId7D5D9AEF4B14EC5FFB78619D991694FC_44, PutCachedData=, CacheKey=NavCollision_B89838347A4348138EE337A847529C5C_NavCollision_X_EE43A1364E27FE5B0__9CB24DB33E3C82B37036ACF397AEB9E44AD9021E, StartTime=2016.05.12-15.36.52, HierarchicalDDC=, DataSize=497, Duration=3.310915, RunGuid=RunIDC2474C444BCB7B2B03D5D1876E49DD4A
DDCTransactionId7DC234004E32262DBD0BED993EBE87B0_50, PutCachedData=, CacheKey=NavCollision_B89838347A4348138EE337A847529C5C_NavCollision_X_6828B49A4422999DF__B55FC0AB389A755223BF53B106A482C26B331A5A, StartTime=2016.05.12-15.36.52, HierarchicalDDC=, DataSize=497, Duration=3.278334, RunGuid=RunIDC2474C444BCB7B2B03D5D1876E49DD4A
DDCTransactionId828C41E24ED41395DDCC7EBDCBB9E79F_48, PutCachedData=, CacheKey=NavCollision_B89838347A4348138EE337A847529C5C_NavCollision_X_9E42F14E4834018D5__D740B472AF07EBB0CB5FA747EA99BE0B326D5D7B, StartTime=2016.05.12-15.36.52, HierarchicalDDC=, DataSize=497, Duration=2.355184, RunGuid=RunIDC2474C444BCB7B2B03D5D1876E49DD4A
DDCTransactionId828C41E24ED41395DDCC7EBDCBB9E79F_49, PutCachedData=, CacheKey=NavCollision_B89838347A4348138EE337A847529C5C_NavCollision_X_42183E5144505E2C0__2D45FDE1F876C3D93B3F4317B64EE044750714FE, StartTime=2016.05.12-15.36.52, HierarchicalDDC=, DataSize=497, Duration=2.886113, RunGuid=RunIDC2474C444BCB7B2B03D5D1876E49DD4A
DDCTransactionId7D5D9AEF4B14EC5FFB78619D991694FC_45, PutCachedData=, CacheKey=NavCollision_B89838347A4348138EE337A847529C5C_NavCollision_X_6E0E83CB4942B7E2C__4B6A12AA979540F022D23ABF8BDCBD10CB62A4DB, StartTime=2016.05.12-15.36.52, HierarchicalDDC=, DataSize=689, Duration=0.932455, RunGuid=RunIDC2474C444BCB7B2B03D5D1876E49DD4A
DDCTransactionId7DC234004E32262DBD0BED993EBE87B0_51, PutCachedData=, CacheKey=NavCollision_B89838347A4348138EE337A847529C5C_NavCollision_X_B94849244509D2610__E7F9F4B7A4D5D03DB2048D302E53A2D06D7FC36D, StartTime=2016.05.12-15.36.52, HierarchicalDDC=, DataSize=689, Duration=1.427386, RunGuid=RunIDC2474C444BCB7B2B03D5D1876E49DD4A
DDCTransactionId7D5D9AEF4B14EC5FFB78619D991694FC_46, PutCachedData=, CacheKey=NavCollision_B89838347A4348138EE337A847529C5C_NavCollision_X_163E33914AC3B7237__134DB30E413E4BA71DEACFCA1FC380AC0F34BE88, StartTime=2016.05.12-15.36.52, HierarchicalDDC=, DataSize=689, Duration=1.455620, RunGuid=RunIDC2474C444BCB7B2B03D5D1876E49DD4A
DDCTransactionId7DC234004E32262DBD0BED993EBE87B0_52, PutCachedData=, CacheKey=NavCollision_B89838347A4348138EE337A847529C5C_NavCollision_X_C3A2A6A24FC7A8CC9__3A1B3986C916D0EE460747FD27A073153C9272BB, StartTime=2016.05.12-15.36.52, HierarchicalDDC=, DataSize=593, Duration=1.215451, RunGuid=RunIDC2474C444BCB7B2B03D5D1876E49DD4A
DDCTransactionId7D5D9AEF4B14EC5FFB78619D991694FC_47, PutCachedData=, CacheKey=NavCollision_B89838347A4348138EE337A847529C5C_NavCollision_X_D0ECBF0C482464B83__C91F622EAD6DA13D449E47ECED1F7CFDDF468DD3, StartTime=2016.05.12-15.36.52, HierarchicalDDC=, DataSize=689, Duration=1.145009, RunGuid=RunIDC2474C444BCB7B2B03D5D1876E49DD4A
DDCTransactionId828C41E24ED41395DDCC7EBDCBB9E79F_50, PutCachedData=, CacheKey=NavCollision_B89838347A4348138EE337A847529C5C_NavCollision_X_62DF3A924B617DC83__CC623E57B3A0B070FF56D9F1ECF6FD6584D2D3AC, StartTime=2016.05.12-15.36.52, HierarchicalDDC=, DataSize=689, Duration=1.104984, RunGuid=RunIDC2474C444BCB7B2B03D5D1876E49DD4A
DDCTransactionId7DC234004E32262DBD0BED993EBE87B0_53, PutCachedData=, CacheKey=NavCollision_B89838347A4348138EE337A847529C5C_NavCollision_X_11B372394AC865203__91B68144E76459C909034E1691FF662C1A11DE83, StartTime=2016.05.12-15.36.52, HierarchicalDDC=, DataSize=593, Duration=1.602083, RunGuid=RunIDC2474C444BCB7B2B03D5D1876E49DD4A
DDCTransactionId828C41E24ED41395DDCC7EBDCBB9E79F_51, PutCachedData=, CacheKey=NavCollision_B89838347A4348138EE337A847529C5C_NavCollision_X_68CC284647F733484__5F70916404AC5B33C8354D69982D7D88B8AFB693, StartTime=2016.05.12-15.36.52, HierarchicalDDC=, DataSize=497, Duration=1.646146, RunGuid=RunIDC2474C444BCB7B2B03D5D1876E49DD4A
DDCTransactionId7D5D9AEF4B14EC5FFB78619D991694FC_48, PutCachedData=, CacheKey=NavCollision_B89838347A4348138EE337A847529C5C_NavCollision_X_AAD1FDDC42EDC511B__67B9DA3939FDC447CA9DA3FBCC3A5D4160CEA2F8, StartTime=2016.05.12-15.36.52, HierarchicalDDC=, DataSize=593, Duration=1.545303, RunGuid=RunIDC2474C444BCB7B2B03D5D1876E49DD4A
DDCTransactionId7DC234004E32262DBD0BED993EBE87B0_54, PutCachedData=, CacheKey=NavCollision_B89838347A4348138EE337A847529C5C_NavCollision_X_7D41D11545701DFC4__C7BDC47748F92398A8E18E4470971E64BB64922A, StartTime=2016.05.12-15.36.52, HierarchicalDDC=, DataSize=593, Duration=1.502167, RunGuid=RunIDC2474C444BCB7B2B03D5D1876E49DD4A
DDCTransactionId828C41E24ED41395DDCC7EBDCBB9E79F_52, PutCachedData=, CacheKey=NavCollision_B89838347A4348138EE337A847529C5C_NavCollision_X_C67C6EFB42E81886F__717C85FDB78559C5F0FAB4C7AD448FA1C90A7927, StartTime=2016.05.12-15.36.52, HierarchicalDDC=, DataSize=593, Duration=1.583777, RunGuid=RunIDC2474C444BCB7B2B03D5D1876E49DD4A
DDCTransactionId7D5D9AEF4B14EC5FFB78619D991694FC_49, PutCachedData=, CacheKey=NavCollision_B89838347A4348138EE337A847529C5C_NavCollision_X_B701519448DDFF5F4__B8508563B591C5449D9018AD90BDEDFDD41E9502, StartTime=2016.05.12-15.36.52, HierarchicalDDC=, DataSize=497, Duration=1.371842, RunGuid=RunIDC2474C444BCB7B2B03D5D1876E49DD4A
DDCTransactionId7DC234004E32262DBD0BED993EBE87B0_55, PutCachedData=, CacheKey=NavCollision_B89838347A4348138EE337A847529C5C_NavCollision_X_3349C8FC46AC8A43E__BB38B410767F3B2E3CCE915DA413DDAC35D6CA2D, StartTime=2016.05.12-15.36.52, HierarchicalDDC=, DataSize=497, Duration=1.559574, RunGuid=RunIDC2474C444BCB7B2B03D5D1876E49DD4A
DDCTransactionId7D5D9AEF4B14EC5FFB78619D991694FC_50, PutCachedData=, CacheKey=NavCollision_B89838347A4348138EE337A847529C5C_NavCollision_X_303177F44B9207EFA__F5C0EADDDC3881E3A22C16E44D4DB922A0118F54, StartTime=2016.05.12-15.36.52, HierarchicalDDC=, DataSize=497, Duration=1.161456, RunGuid=RunIDC2474C444BCB7B2B03D5D1876E49DD4A
DDCTransactionId828C41E24ED41395DDCC7EBDCBB9E79F_53, PutCachedData=, CacheKey=NavCollision_B89838347A4348138EE337A847529C5C_NavCollision_X_A1F8E8AC42EA7D254__2CB33A7B44C48D057FE748A6BAC23B343D2140EB, StartTime=2016.05.12-15.36.52, HierarchicalDDC=, DataSize=593, Duration=1.389839, RunGuid=RunIDC2474C444BCB7B2B03D5D1876E49DD4A
DDCTransactionId7DC234004E32262DBD0BED993EBE87B0_56, PutCachedData=, CacheKey=NavCollision_B89838347A4348138EE337A847529C5C_NavCollision_X_1EFB573D452CBF5A6__1A64DA0E1C36153C2EE1EAEE4D3C1B3862807BC6, StartTime=2016.05.12-15.36.52, HierarchicalDDC=, DataSize=593, Duration=1.991823, RunGuid=RunIDC2474C444BCB7B2B03D5D1876E49DD4A
DDCTransactionId7D5D9AEF4B14EC5FFB78619D991694FC_51, PutCachedData=, CacheKey=NavCollision_B89838347A4348138EE337A847529C5C_NavCollision_X_37316A0D4EC702235__A3E1249479B1E8DBEE95FE8654AD08523B710530, StartTime=2016.05.12-15.36.52, HierarchicalDDC=, DataSize=593, Duration=1.610152, RunGuid=RunIDC2474C444BCB7B2B03D5D1876E49DD4A
DDCTransactionId828C41E24ED41395DDCC7EBDCBB9E79F_54, PutCachedData=, CacheKey=NavCollision_B89838347A4348138EE337A847529C5C_NavCollision_X_6EFCD3A74088EC3D3__85DF8DA89ACD9C927E5AA4969A275D7186D21F38, StartTime=2016.05.12-15.36.52, HierarchicalDDC=, DataSize=497, Duration=1.595572, RunGuid=RunIDC2474C444BCB7B2B03D5D1876E49DD4A
DDCTransactionId7DC234004E32262DBD0BED993EBE87B0_57, PutCachedData=, CacheKey=NavCollision_B89838347A4348138EE337A847529C5C_NavCollision_X_B482575A463853AD3__46C21095DA53AEF0BC2A71A5BE3E84E9F7BFC6CE, StartTime=2016.05.12-15.36.52, HierarchicalDDC=, DataSize=497, Duration=1.523268, RunGuid=RunIDC2474C444BCB7B2B03D5D1876E49DD4A
DDCTransactionId7D5D9AEF4B14EC5FFB78619D991694FC_52, PutCachedData=, CacheKey=NavCollision_B89838347A4348138EE337A847529C5C_NavCollision_X_3165437541B5D1DCC__FECFD732D22CBEB5E07E99FB89BE2FDD707BD7A3, StartTime=2016.05.12-15.36.52, HierarchicalDDC=, DataSize=497, Duration=1.717206, RunGuid=RunIDC2474C444BCB7B2B03D5D1876E49DD4A
DDCTransactionId828C41E24ED41395DDCC7EBDCBB9E79F_55, PutCachedData=, CacheKey=NavCollision_B89838347A4348138EE337A847529C5C_NavCollision_X_9C960D1843C5AF163__D0783B10CB09E41BF07456B14E58B55D92A54371, StartTime=2016.05.12-15.36.52, HierarchicalDDC=, DataSize=497, Duration=3.268089, RunGuid=RunIDC2474C444BCB7B2B03D5D1876E49DD4A
DDCTransactionId7DC234004E32262DBD0BED993EBE87B0_58, PutCachedData=, CacheKey=NavCollision_B89838347A4348138EE337A847529C5C_NavCollision_X_80A507004CD1080C2__E25D9BFB34A8126E11FD69F138A68839B53001C6, StartTime=2016.05.12-15.36.52, HierarchicalDDC=, DataSize=497, Duration=2.068471, RunGuid=RunIDC2474C444BCB7B2B03D5D1876E49DD4A
DDCTransactionId7D5D9AEF4B14EC5FFB78619D991694FC_53, PutCachedData=, CacheKey=NavCollision_B89838347A4348138EE337A847529C5C_NavCollision_X_15820CA642CA5116D__369C56401DF25CBF235FE65F1647F305A6656B7B, StartTime=2016.05.12-15.36.52, HierarchicalDDC=, DataSize=593, Duration=1.252376, RunGuid=RunIDC2474C444BCB7B2B03D5D1876E49DD4A
DDCTransactionId7D5D9AEF4B14EC5FFB78619D991694FC_54, PutCachedData=, CacheKey=NavCollision_B89838347A4348138EE337A847529C5C_NavCollision_X_DEE688F9441EA13D3__02448FD09E14488005D5E842D145246030F4BA51, StartTime=2016.05.12-15.36.52, HierarchicalDDC=, DataSize=641, Duration=1.508374, RunGuid=RunIDC2474C444BCB7B2B03D5D1876E49DD4A
DDCTransactionId7DC234004E32262DBD0BED993EBE87B0_59, PutCachedData=, CacheKey=NavCollision_B89838347A4348138EE337A847529C5C_NavCollision_X_BBBD59A1467FC88C4__9F8042D6691723953D8E2BF009DB3A9D27DD63F1, StartTime=2016.05.12-15.36.52, HierarchicalDDC=, DataSize=497, Duration=2.583258, RunGuid=RunIDC2474C444BCB7B2B03D5D1876E49DD4A
DDCTransactionId828C41E24ED41395DDCC7EBDCBB9E79F_56, PutCachedData=, CacheKey=NavCollision_B89838347A4348138EE337A847529C5C_NavCollision_X_47EC19984D7A1EDBF__9274C8D5D848FFB7207C15F01D7B16278D913EF7, StartTime=2016.05.12-15.36.52, HierarchicalDDC=, DataSize=641, Duration=1.562677, RunGuid=RunIDC2474C444BCB7B2B03D5D1876E49DD4A
DDCTransactionId7D5D9AEF4B14EC5FFB78619D991694FC_55, PutCachedData=, CacheKey=NavCollision_B89838347A4348138EE337A847529C5C_NavCollision_X_D73F780C4D1767B89__2C97B606DDAB02C2AAD8E20CF5DC8F4BDC650F72, StartTime=2016.05.12-15.36.52, HierarchicalDDC=, DataSize=497, Duration=1.654837, RunGuid=RunIDC2474C444BCB7B2B03D5D1876E49DD4A
DDCTransactionId828C41E24ED41395DDCC7EBDCBB9E79F_57, PutCachedData=, CacheKey=NavCollision_B89838347A4348138EE337A847529C5C_NavCollision_X_F68F21A74CEB6280B__C80003F7A361F90673AA896173E993BADC96CA30, StartTime=2016.05.12-15.36.52, HierarchicalDDC=, DataSize=689, Duration=1.409080, RunGuid=RunIDC2474C444BCB7B2B03D5D1876E49DD4A
DDCTransactionId7DC234004E32262DBD0BED993EBE87B0_60, PutCachedData=, CacheKey=NavCollision_B89838347A4348138EE337A847529C5C_NavCollision_X_41C49DC34BF66BC81__A6858A5DF61996BF166D7E1D1430EB54014205AB, StartTime=2016.05.12-15.36.52, HierarchicalDDC=, DataSize=689, Duration=1.409389, RunGuid=RunIDC2474C444BCB7B2B03D5D1876E49DD4A
DDCTransactionId7D5D9AEF4B14EC5FFB78619D991694FC_56, PutCachedData=, CacheKey=NavCollision_B89838347A4348138EE337A847529C5C_NavCollision_X_1065488C4D3F3556A__EF5E028126E59D666FE8BCE4D2E04C40D578DDB9, StartTime=2016.05.12-15.36.52, HierarchicalDDC=, DataSize=785, Duration=1.161147, RunGuid=RunIDC2474C444BCB7B2B03D5D1876E49DD4A
DDCTransactionId828C41E24ED41395DDCC7EBDCBB9E79F_58, PutCachedData=, CacheKey=NavCollision_B89838347A4348138EE337A847529C5C_NavCollision_X_1D805013477FAE0AC__72F7A07853AED5C61205096B7753572CD85380EA, StartTime=2016.05.12-15.36.52, HierarchicalDDC=, DataSize=689, Duration=1.444455, RunGuid=RunIDC2474C444BCB7B2B03D5D1876E49DD4A
DDCTransactionId7D5D9AEF4B14EC5FFB78619D991694FC_57, PutCachedData=, CacheKey=NavCollision_B89838347A4348138EE337A847529C5C_NavCollision_X_03FDF5454D53AE3A8__A18E74868A0D3C6974E749D25B2257D7DE10CBB6, StartTime=2016.05.12-15.36.52, HierarchicalDDC=, DataSize=497, Duration=1.527615, RunGuid=RunIDC2474C444BCB7B2B03D5D1876E49DD4A
DDCTransactionId7DC234004E32262DBD0BED993EBE87B0_61, PutCachedData=, CacheKey=NavCollision_B89838347A4348138EE337A847529C5C_NavCollision_X_4556C0F84B3967404__2779B54BE17E5BB62A93963F516C1D80B62E04E7, StartTime=2016.05.12-15.36.52, HierarchicalDDC=, DataSize=497, Duration=1.311023, RunGuid=RunIDC2474C444BCB7B2B03D5D1876E49DD4A
DDCTransactionId828C41E24ED41395DDCC7EBDCBB9E79F_59, PutCachedData=, CacheKey=NavCollision_B89838347A4348138EE337A847529C5C_NavCollision_X_F18766FA4F6161700__8F350E0C58E3E1E263ED087C56D1BB7B0AFC82B9, StartTime=2016.05.12-15.36.52, HierarchicalDDC=, DataSize=689, Duration=1.423042, RunGuid=RunIDC2474C444BCB7B2B03D5D1876E49DD4A
DDCTransactionId7DC234004E32262DBD0BED993EBE87B0_62, PutCachedData=, CacheKey=NavCollision_B89838347A4348138EE337A847529C5C_NavCollision_X_CCD1E9944DB7C5AA7__CD42841DDD677BEF331F2DC6895A5B8413284770, StartTime=2016.05.12-15.36.52, HierarchicalDDC=, DataSize=593, Duration=2.794880, RunGuid=RunIDC2474C444BCB7B2B03D5D1876E49DD4A
DDCTransactionId7D5D9AEF4B14EC5FFB78619D991694FC_58, PutCachedData=, CacheKey=NavCollision_B89838347A4348138EE337A847529C5C_NavCollision_X_2A27C201428506055__29DCF5279A28B63583D997E284E2F7A4D4C964B4, StartTime=2016.05.12-15.36.52, HierarchicalDDC=, DataSize=497, Duration=1.892526, RunGuid=RunIDC2474C444BCB7B2B03D5D1876E49DD4A
DDCTransactionId828C41E24ED41395DDCC7EBDCBB9E79F_60, PutCachedData=, CacheKey=NavCollision_B89838347A4348138EE337A847529C5C_NavCollision_X_15CC38B748A01C7AE__B624DC9255090CC83AC25C79533BBC25503F6B3B, StartTime=2016.05.12-15.36.52, HierarchicalDDC=, DataSize=593, Duration=1.476105, RunGuid=RunIDC2474C444BCB7B2B03D5D1876E49DD4A
DDCTransactionId7D5D9AEF4B14EC5FFB78619D991694FC_59, PutCachedData=, CacheKey=NavCollision_B89838347A4348138EE337A847529C5C_NavCollision_X_7B3C9C094F424BD47__5689B7414F51ABC43C29A7C349A3D57F4AB00AAA, StartTime=2016.05.12-15.36.52, HierarchicalDDC=, DataSize=593, Duration=1.472998, RunGuid=RunIDC2474C444BCB7B2B03D5D1876E49DD4A
DDCTransactionId828C41E24ED41395DDCC7EBDCBB9E79F_61, PutCachedData=, CacheKey=NavCollision_B89838347A4348138EE337A847529C5C_NavCollision_X_DD433E7F4EB89B6C6__73462DED670AD5B168EBC59C1A68B4B332F8532A, StartTime=2016.05.12-15.36.52, HierarchicalDDC=, DataSize=497, Duration=2.741512, RunGuid=RunIDC2474C444BCB7B2B03D5D1876E49DD4A
DDCTransactionId7DC234004E32262DBD0BED993EBE87B0_63, PutCachedData=, CacheKey=NavCollision_B89838347A4348138EE337A847529C5C_NavCollision_X_6AC4C7EE4D3BD8B53__A3328CF7CA270DC114028173B7A9460227AC1E55, StartTime=2016.05.12-15.36.52, HierarchicalDDC=, DataSize=497, Duration=2.180178, RunGuid=RunIDC2474C444BCB7B2B03D5D1876E49DD4A
DDCTransactionId7D5D9AEF4B14EC5FFB78619D991694FC_60, PutCachedData=, CacheKey=NavCollision_B89838347A4348138EE337A847529C5C_NavCollision_X_E4F4F55F4E9324577__4BCE23D80B6A5C5EBE5F77E288A504F26C659E10, StartTime=2016.05.12-15.36.52, HierarchicalDDC=, DataSize=593, Duration=1.421489, RunGuid=RunIDC2474C444BCB7B2B03D5D1876E49DD4A
DDCTransactionId828C41E24ED41395DDCC7EBDCBB9E79F_62, PutCachedData=, CacheKey=NavCollision_B89838347A4348138EE337A847529C5C_NavCollision_X_E866A3BC429AE5085__77EEB9B1244A6418D05C0981FFC37429B2CC1F83, StartTime=2016.05.12-15.36.52, HierarchicalDDC=, DataSize=593, Duration=1.425214, RunGuid=RunIDC2474C444BCB7B2B03D5D1876E49DD4A
DDCTransactionId7D5D9AEF4B14EC5FFB78619D991694FC_61, PutCachedData=, CacheKey=NavCollision_B89838347A4348138EE337A847529C5C_NavCollision_X_9DD4227749BDD6568__83AF1D1BE573B34B7E1101E268FDC39795F1FF40, StartTime=2016.05.12-15.36.52, HierarchicalDDC=, DataSize=497, Duration=1.509618, RunGuid=RunIDC2474C444BCB7B2B03D5D1876E49DD4A
DDCTransactionId7DC234004E32262DBD0BED993EBE87B0_64, PutCachedData=, CacheKey=NavCollision_B89838347A4348138EE337A847529C5C_NavCollision_X_F85EAFD044BE17A80__43362BB753FA5F0E6F88D0783ADA755FD0FE2E0A, StartTime=2016.05.12-15.36.52, HierarchicalDDC=, DataSize=497, Duration=1.146253, RunGuid=RunIDC2474C444BCB7B2B03D5D1876E49DD4A
DDCTransactionId7DC234004E32262DBD0BED993EBE87B0_65, PutCachedData=, CacheKey=NavCollision_B89838347A4348138EE337A847529C5C_NavCollision_X_6B86B03C4213418D9__0736A00D4B2847DCA2CA79433FA154288CE71CBE, StartTime=2016.05.12-15.36.52, HierarchicalDDC=, DataSize=497, Duration=1.798198, RunGuid=RunIDC2474C444BCB7B2B03D5D1876E49DD4A
DDCTransactionId828C41E24ED41395DDCC7EBDCBB9E79F_63, PutCachedData=, CacheKey=NavCollision_B89838347A4348138EE337A847529C5C_NavCollision_X_171E29654A753E451__CC4EC84802A2E161E1DB5DDCC2181B9A77FB6791, StartTime=2016.05.12-15.36.52, HierarchicalDDC=, DataSize=497, Duration=2.621114, RunGuid=RunIDC2474C444BCB7B2B03D5D1876E49DD4A
DDCTransactionId7D5D9AEF4B14EC5FFB78619D991694FC_62, PutCachedData=, CacheKey=NavCollision_B89838347A4348138EE337A847529C5C_NavCollision_X_A4ED020143E842E26__66E0935160E29C80050F9055D928BAC5E04E979F, StartTime=2016.05.12-15.36.52, HierarchicalDDC=, DataSize=497, Duration=2.283815, RunGuid=RunIDC2474C444BCB7B2B03D5D1876E49DD4A
DDCTransactionId7DC234004E32262DBD0BED993EBE87B0_66, PutCachedData=, CacheKey=NavCollision_B89838347A4348138EE337A847529C5C_NavCollision_X_4DDDFFAC430088275__3683ECDEFB732FBDC73D0B0FA3A77E9BEAC10F06, StartTime=2016.05.12-15.36.52, HierarchicalDDC=, DataSize=497, Duration=1.498755, RunGuid=RunIDC2474C444BCB7B2B03D5D1876E49DD4A
DDCTransactionId7D5D9AEF4B14EC5FFB78619D991694FC_63, PutCachedData=, CacheKey=NavCollision_B89838347A4348138EE337A847529C5C_NavCollision_X_5C7B32E0415C2E8C6__6C628DB4A96110D28FCBA6151F3E64C761BE29C2, StartTime=2016.05.12-15.36.52, HierarchicalDDC=, DataSize=497, Duration=1.543127, RunGuid=RunIDC2474C444BCB7B2B03D5D1876E49DD4A
DDCTransactionId828C41E24ED41395DDCC7EBDCBB9E79F_64, PutCachedData=, CacheKey=NavCollision_B89838347A4348138EE337A847529C5C_NavCollision_X_A26636C84D2899F3B__E5523E1068C654817FACD6CE519B78EB2059EFD2, StartTime=2016.05.12-15.36.52, HierarchicalDDC=, DataSize=497, Duration=1.447555, RunGuid=RunIDC2474C444BCB7B2B03D5D1876E49DD4A
DDCTransactionId7DC234004E32262DBD0BED993EBE87B0_67, PutCachedData=, CacheKey=NavCollision_B89838347A4348138EE337A847529C5C_NavCollision_X_B333AF47489AB81F1__EE1AD6C06876F11F75CB0AF5EBADA7FC8EC7D2A7, StartTime=2016.05.12-15.36.52, HierarchicalDDC=, DataSize=593, Duration=1.165804, RunGuid=RunIDC2474C444BCB7B2B03D5D1876E49DD4A
DDCTransactionId7D5D9AEF4B14EC5FFB78619D991694FC_64, PutCachedData=, CacheKey=NavCollision_B89838347A4348138EE337A847529C5C_NavCollision_X_7AC18ECE4DE9634C1__E7BF63FCDEE88BA7C4FD08F5B52D8985E93ADB5D, StartTime=2016.05.12-15.36.52, HierarchicalDDC=, DataSize=593, Duration=1.454074, RunGuid=RunIDC2474C444BCB7B2B03D5D1876E49DD4A
DDCTransactionId828C41E24ED41395DDCC7EBDCBB9E79F_65, PutCachedData=, CacheKey=NavCollision_B89838347A4348138EE337A847529C5C_NavCollision_X_98EEA9234B09FFC7F__0D26DE865D8273AFCCC1A540704799B2ABC82E5E, StartTime=2016.05.12-15.36.52, HierarchicalDDC=, DataSize=497, Duration=1.477037, RunGuid=RunIDC2474C444BCB7B2B03D5D1876E49DD4A
DDCTransactionId7DC234004E32262DBD0BED993EBE87B0_68, PutCachedData=, CacheKey=NavCollision_B89838347A4348138EE337A847529C5C_NavCollision_X_6BE99CF84E7200DC4__4A9CF30A4BDA53296DFD80D9BA8CA9AE803FB7DD, StartTime=2016.05.12-15.36.52, HierarchicalDDC=, DataSize=497, Duration=1.461521, RunGuid=RunIDC2474C444BCB7B2B03D5D1876E49DD4A
DDCTransactionId7D5D9AEF4B14EC5FFB78619D991694FC_65, PutCachedData=, CacheKey=NavCollision_B89838347A4348138EE337A847529C5C_NavCollision_X_FC40C1BD4AFB9B0D4__5EE68251395E70452C21D357540EC93BF00008D1, StartTime=2016.05.12-15.36.52, HierarchicalDDC=, DataSize=689, Duration=1.463380, RunGuid=RunIDC2474C444BCB7B2B03D5D1876E49DD4A
DDCTransactionId828C41E24ED41395DDCC7EBDCBB9E79F_66, PutCachedData=, CacheKey=NavCollision_B89838347A4348138EE337A847529C5C_NavCollision_X_357266FF426E7FD2E__BBDB97F7C769A1BA2D862C240E57C5E56364A4F0, StartTime=2016.05.12-15.36.52, HierarchicalDDC=, DataSize=929, Duration=1.399767, RunGuid=RunIDC2474C444BCB7B2B03D5D1876E49DD4A
DDCTransactionId7DC234004E32262DBD0BED993EBE87B0_69, PutCachedData=, CacheKey=NavCollision_B89838347A4348138EE337A847529C5C_NavCollision_X_2830ECD843979EEC9__47293B160DE4BB319B8ACAC44EA825546D91923A, StartTime=2016.05.12-15.36.52, HierarchicalDDC=, DataSize=593, Duration=6.611898, RunGuid=RunIDC2474C444BCB7B2B03D5D1876E49DD4A
DDCTransactionId7D5D9AEF4B14EC5FFB78619D991694FC_66, PutCachedData=, CacheKey=NavCollision_B89838347A4348138EE337A847529C5C_NavCollision_X_B9C44AF14D96C7A35__E0CC173F43DF19FBC865CC0EBF11FFE5CA272174, StartTime=2016.05.12-15.36.52, HierarchicalDDC=, DataSize=593, Duration=6.824147, RunGuid=RunIDC2474C444BCB7B2B03D5D1876E49DD4A
DDCTransactionId828C41E24ED41395DDCC7EBDCBB9E79F_67, PutCachedData=, CacheKey=NavCollision_B89838347A4348138EE337A847529C5C_NavCollision_X_768FD3BA45AFFF1B3__9D4D7489569E01D5A8A8C287E039371BB44BD936, StartTime=2016.05.12-15.36.52, HierarchicalDDC=, DataSize=497, Duration=6.768912, RunGuid=RunIDC2474C444BCB7B2B03D5D1876E49DD4A
DDCTransactionId7DC234004E32262DBD0BED993EBE87B0_70, PutCachedData=, CacheKey=NavCollision_B89838347A4348138EE337A847529C5C_NavCollision_X_306576FD488B35466__D0178215FAA35B7912596A7FE86DC60026BE1242, StartTime=2016.05.12-15.36.52, HierarchicalDDC=, DataSize=785, Duration=1.298610, RunGuid=RunIDC2474C444BCB7B2B03D5D1876E49DD4A
DDCTransactionId7DC234004E32262DBD0BED993EBE87B0_71, PutCachedData=, CacheKey=NavCollision_B89838347A4348138EE337A847529C5C_NavCollision_X_EBBB52C44BB6C1150__6E3F748CAB4DBE98860C9FB1F0B9AE14C1AB735C, StartTime=2016.05.12-15.36.52, HierarchicalDDC=, DataSize=497, Duration=2.556264, RunGuid=RunIDC2474C444BCB7B2B03D5D1876E49DD4A
DDCTransactionId7D5D9AEF4B14EC5FFB78619D991694FC_67, PutCachedData=, CacheKey=NavCollision_B89838347A4348138EE337A847529C5C_NavCollision_X_742303D341850DAB4__157EDE9408894C045C6C5E9E57DC39E78DDAC502, StartTime=2016.05.12-15.36.52, HierarchicalDDC=, DataSize=497, Duration=2.587289, RunGuid=RunIDC2474C444BCB7B2B03D5D1876E49DD4A
DDCTransactionId828C41E24ED41395DDCC7EBDCBB9E79F_68, PutCachedData=, CacheKey=NavCollision_B89838347A4348138EE337A847529C5C_NavCollision_X_99C375D743B4E24AC__E922DA73256B4455262C7D9CDF94CAB92CC0BF9B, StartTime=2016.05.12-15.36.52, HierarchicalDDC=, DataSize=593, Duration=1.524199, RunGuid=RunIDC2474C444BCB7B2B03D5D1876E49DD4A
DDCTransactionId828C41E24ED41395DDCC7EBDCBB9E79F_69, PutCachedData=, CacheKey=NavCollision_B89838347A4348138EE337A847529C5C_NavCollision_X_AF7F36944E470CDDC__96124C3405B539AA62D997B1C49C2CEB48E60409, StartTime=2016.05.12-15.36.52, HierarchicalDDC=, DataSize=497, Duration=3.507335, RunGuid=RunIDC2474C444BCB7B2B03D5D1876E49DD4A
DDCTransactionId7DC234004E32262DBD0BED993EBE87B0_72, PutCachedData=, CacheKey=NavCollision_B89838347A4348138EE337A847529C5C_NavCollision_X_B1A0E84A41F0D5822__79DF557D0B8A0B49A852E8BC5CDA040EB8B32F99, StartTime=2016.05.12-15.36.52, HierarchicalDDC=, DataSize=497, Duration=2.854463, RunGuid=RunIDC2474C444BCB7B2B03D5D1876E49DD4A
DDCTransactionId7D5D9AEF4B14EC5FFB78619D991694FC_68, PutCachedData=, CacheKey=NavCollision_B89838347A4348138EE337A847529C5C_NavCollision_X_22F5A81B4B7ABEBA8__CAD75CEA36DC957CFA7621BBCF36558AACD01881, StartTime=2016.05.12-15.36.52, HierarchicalDDC=, DataSize=593, Duration=1.086053, RunGuid=RunIDC2474C444BCB7B2B03D5D1876E49DD4A
DDCTransactionId7D5D9AEF4B14EC5FFB78619D991694FC_69, PutCachedData=, CacheKey=NavCollision_B89838347A4348138EE337A847529C5C_NavCollision_X_6960751443AB73877__7B367B35EDCAA27FE65B3520BF79F09C86D5941E, StartTime=2016.05.12-15.36.52, HierarchicalDDC=, DataSize=497, Duration=1.658559, RunGuid=RunIDC2474C444BCB7B2B03D5D1876E49DD4A
DDCTransactionId828C41E24ED41395DDCC7EBDCBB9E79F_70, PutCachedData=, CacheKey=NavCollision_B89838347A4348138EE337A847529C5C_NavCollision_X_AE5D8D804D2E3FA92__CFF7FF1984F10CF58FFEF9B0CBAB3BB9574EE06C, StartTime=2016.05.12-15.36.52, HierarchicalDDC=, DataSize=497, Duration=2.128359, RunGuid=RunIDC2474C444BCB7B2B03D5D1876E49DD4A
DDCTransactionId7D5D9AEF4B14EC5FFB78619D991694FC_70, PutCachedData=, CacheKey=NavCollision_B89838347A4348138EE337A847529C5C_NavCollision_X_261C7E7146E8C6BE1__BFE85AD79A1D10A4C3B6FE539AB238C45A614704, StartTime=2016.05.12-15.36.52, HierarchicalDDC=, DataSize=497, Duration=1.767475, RunGuid=RunIDC2474C444BCB7B2B03D5D1876E49DD4A
DDCTransactionId7DC234004E32262DBD0BED993EBE87B0_73, PutCachedData=, CacheKey=NavCollision_B89838347A4348138EE337A847529C5C_NavCollision_X_6E9F232143960846A__6069D7291B0ED5216D89B8DE2A966425927425BD, StartTime=2016.05.12-15.36.52, HierarchicalDDC=, DataSize=497, Duration=1.663525, RunGuid=RunIDC2474C444BCB7B2B03D5D1876E49DD4A
DDCTransactionId7DC234004E32262DBD0BED993EBE87B0_74, PutCachedData=, CacheKey=NavCollision_B89838347A4348138EE337A847529C5C_NavCollision_X_7A637EA746D5C9BC5__FF11D418BD87B77D80EB7E97B1CB2E351C43994B, StartTime=2016.05.12-15.36.52, HierarchicalDDC=, DataSize=689, Duration=1.073644, RunGuid=RunIDC2474C444BCB7B2B03D5D1876E49DD4A
DDCTransactionId7D5D9AEF4B14EC5FFB78619D991694FC_71, PutCachedData=, CacheKey=NavCollision_B89838347A4348138EE337A847529C5C_NavCollision_X_BF3A8CE1496910895__35CA8B9F73278F415202D73FF8E2780FF2784106, StartTime=2016.05.12-15.36.52, HierarchicalDDC=, DataSize=497, Duration=2.860975, RunGuid=RunIDC2474C444BCB7B2B03D5D1876E49DD4A
DDCTransactionId828C41E24ED41395DDCC7EBDCBB9E79F_71, PutCachedData=, CacheKey=NavCollision_B89838347A4348138EE337A847529C5C_NavCollision_X_81ED6AC54C79EAB37__ECD0232FFB9580E20AF17B08FE7D902A5EC9632D, StartTime=2016.05.12-15.36.52, HierarchicalDDC=, DataSize=497, Duration=3.016125, RunGuid=RunIDC2474C444BCB7B2B03D5D1876E49DD4A
DDCTransactionId7DC234004E32262DBD0BED993EBE87B0_75, PutCachedData=, CacheKey=NavCollision_B89838347A4348138EE337A847529C5C_NavCollision_X_8CF075934A347DF4C__EC9FFF016F7CF35AA418DD926761ED58C5927A27, StartTime=2016.05.12-15.36.52, HierarchicalDDC=, DataSize=497, Duration=1.383636, RunGuid=RunIDC2474C444BCB7B2B03D5D1876E49DD4A
DDCTransactionId7DC234004E32262DBD0BED993EBE87B0_76, PutCachedData=, CacheKey=NavCollision_B89838347A4348138EE337A847529C5C_NavCollision_X_8355EDE041AD3F5A1__4D67222DDB8CA78E4237E184E9483A176D88A888, StartTime=2016.05.12-15.36.52, HierarchicalDDC=, DataSize=593, Duration=1.417454, RunGuid=RunIDC2474C444BCB7B2B03D5D1876E49DD4A
DDCTransactionId7D5D9AEF4B14EC5FFB78619D991694FC_72, PutCachedData=, CacheKey=NavCollision_B89838347A4348138EE337A847529C5C_NavCollision_X_9DF2A3ED43599CA68__51913492ED6D439E628EA33222116283E273B840, StartTime=2016.05.12-15.36.52, HierarchicalDDC=, DataSize=497, Duration=1.818985, RunGuid=RunIDC2474C444BCB7B2B03D5D1876E49DD4A
DDCTransactionId828C41E24ED41395DDCC7EBDCBB9E79F_72, PutCachedData=, CacheKey=NavCollision_B89838347A4348138EE337A847529C5C_NavCollision_X_B74B23F74FF9F67B7__06C5B336D676A1444618E26230E56DFEA1917F9C, StartTime=2016.05.12-15.36.52, HierarchicalDDC=, DataSize=689, Duration=1.172010, RunGuid=RunIDC2474C444BCB7B2B03D5D1876E49DD4A
DDCTransactionId7DC234004E32262DBD0BED993EBE87B0_77, PutCachedData=, CacheKey=NavCollision_B89838347A4348138EE337A847529C5C_NavCollision_X_04C0D00841F49FFF7__D237A00354960E2A4AB2DDF37D953692A32E3EDE, StartTime=2016.05.12-15.36.52, HierarchicalDDC=, DataSize=689, Duration=1.115225, RunGuid=RunIDC2474C444BCB7B2B03D5D1876E49DD4A
DDCTransactionId828C41E24ED41395DDCC7EBDCBB9E79F_73, PutCachedData=, CacheKey=NavCollision_B89838347A4348138EE337A847529C5C_NavCollision_X_02357FB4488029948__EF40F4A40000192C3193A8874314A7B393274519, StartTime=2016.05.12-15.36.52, HierarchicalDDC=, DataSize=689, Duration=1.608599, RunGuid=RunIDC2474C444BCB7B2B03D5D1876E49DD4A
DDCTransactionId7D5D9AEF4B14EC5FFB78619D991694FC_73, PutCachedData=, CacheKey=NavCollision_B89838347A4348138EE337A847529C5C_NavCollision_X_1BB2A06B495FD69AB__5795240FEA033810AE2E78B888F7A73B6B044AB1, StartTime=2016.05.12-15.36.52, HierarchicalDDC=, DataSize=593, Duration=1.656696, RunGuid=RunIDC2474C444BCB7B2B03D5D1876E49DD4A
DDCTransactionId7DC234004E32262DBD0BED993EBE87B0_78, PutCachedData=, CacheKey=NavCollision_B89838347A4348138EE337A847529C5C_NavCollision_X_AC966A634B5FC1A68__DBDDF68D85560D87F7DCBDC4E5DCAAEE07155B7B, StartTime=2016.05.12-15.36.52, HierarchicalDDC=, DataSize=929, Duration=1.732104, RunGuid=RunIDC2474C444BCB7B2B03D5D1876E49DD4A
DDCTransactionId828C41E24ED41395DDCC7EBDCBB9E79F_74, PutCachedData=, CacheKey=NavCollision_B89838347A4348138EE337A847529C5C_NavCollision_X_B330661145BF64A95__5AD393F8F7C45DEF731845DF1FA3ED1E928F06AD, StartTime=2016.05.12-15.36.52, HierarchicalDDC=, DataSize=497, Duration=2.072189, RunGuid=RunIDC2474C444BCB7B2B03D5D1876E49DD4A
DDCTransactionId7D5D9AEF4B14EC5FFB78619D991694FC_74, PutCachedData=, CacheKey=NavCollision_B89838347A4348138EE337A847529C5C_NavCollision_X_B695C906485C73C6A__EB2D239219E6BA34C90EC2C051F92B2514B1CFD8, StartTime=2016.05.12-15.36.52, HierarchicalDDC=, DataSize=689, Duration=1.487583, RunGuid=RunIDC2474C444BCB7B2B03D5D1876E49DD4A
DDCTransactionId7DC234004E32262DBD0BED993EBE87B0_79, PutCachedData=, CacheKey=NavCollision_B89838347A4348138EE337A847529C5C_NavCollision_X_6852D20A4D3C082AA__B71C8FC5AA4BF193116DAAE2BE2BBC494AEB4D1F, StartTime=2016.05.12-15.36.52, HierarchicalDDC=, DataSize=593, Duration=1.058128, RunGuid=RunIDC2474C444BCB7B2B03D5D1876E49DD4A
DDCTransactionId7DC234004E32262DBD0BED993EBE87B0_80, PutCachedData=, CacheKey=NavCollision_B89838347A4348138EE337A847529C5C_NavCollision_X_3D3D58184F6CD9576__F27C905C1ACE2AF2A4EE0AF16AF0FCF6A0DDAC65, StartTime=2016.05.12-15.36.52, HierarchicalDDC=, DataSize=497, Duration=4.733026, RunGuid=RunIDC2474C444BCB7B2B03D5D1876E49DD4A
DDCTransactionId7D5D9AEF4B14EC5FFB78619D991694FC_75, PutCachedData=, CacheKey=NavCollision_B89838347A4348138EE337A847529C5C_NavCollision_X_EC6F407549B963BDB__5828279B8C0E0619BFAC0C03E62AEFEC4FA6AF90, StartTime=2016.05.12-15.36.52, HierarchicalDDC=, DataSize=497, Duration=4.217304, RunGuid=RunIDC2474C444BCB7B2B03D5D1876E49DD4A
DDCTransactionId828C41E24ED41395DDCC7EBDCBB9E79F_75, PutCachedData=, CacheKey=NavCollision_B89838347A4348138EE337A847529C5C_NavCollision_X_8A56186240A12FAFC__FB3C64D8337E684E0ED1AE7A7EFE49FC59BBF3FC, StartTime=2016.05.12-15.36.52, HierarchicalDDC=, DataSize=497, Duration=4.569806, RunGuid=RunIDC2474C444BCB7B2B03D5D1876E49DD4A
DDCTransactionId7D5D9AEF4B14EC5FFB78619D991694FC_76, PutCachedData=, CacheKey=NavCollision_B89838347A4348138EE337A847529C5C_NavCollision_X_054DA67D43987D787__928D44A959EA0FBFD37D3CE2AE3FB7D876FB6FA9, StartTime=2016.05.12-15.36.52, HierarchicalDDC=, DataSize=593, Duration=1.147803, RunGuid=RunIDC2474C444BCB7B2B03D5D1876E49DD4A
DDCTransactionId828C41E24ED41395DDCC7EBDCBB9E79F_76, PutCachedData=, CacheKey=NavCollision_B89838347A4348138EE337A847529C5C_NavCollision_X_7C70D04A4641E93B6__B9D178822DD1A7775E7F79B725D96557ECE9457B, StartTime=2016.05.12-15.36.52, HierarchicalDDC=, DataSize=497, Duration=3.011782, RunGuid=RunIDC2474C444BCB7B2B03D5D1876E49DD4A
DDCTransactionId7DC234004E32262DBD0BED993EBE87B0_81, PutCachedData=, CacheKey=NavCollision_B89838347A4348138EE337A847529C5C_NavCollision_X_059FC4E7400F0689C__3FAF7515FBE3F16B3080E4006405681137170312, StartTime=2016.05.12-15.36.52, HierarchicalDDC=, DataSize=497, Duration=2.959032, RunGuid=RunIDC2474C444BCB7B2B03D5D1876E49DD4A
DDCTransactionId7D5D9AEF4B14EC5FFB78619D991694FC_77, PutCachedData=, CacheKey=NavCollision_B89838347A4348138EE337A847529C5C_NavCollision_X_94EFD13D4FBA0FD94__261760B8FD5217D0205D208C5E17777F026CAEFA, StartTime=2016.05.12-15.36.52, HierarchicalDDC=, DataSize=497, Duration=1.652975, RunGuid=RunIDC2474C444BCB7B2B03D5D1876E49DD4A
DDCTransactionId7D5D9AEF4B14EC5FFB78619D991694FC_78, PutCachedData=, CacheKey=NavCollision_B89838347A4348138EE337A847529C5C_NavCollision_X_A606BF16414E86000__C0558D5A92F39687CEBAB5B3A5462AE76C35427B, StartTime=2016.05.12-15.36.52, HierarchicalDDC=, DataSize=593, Duration=1.257028, RunGuid=RunIDC2474C444BCB7B2B03D5D1876E49DD4A
DDCTransactionId828C41E24ED41395DDCC7EBDCBB9E79F_77, PutCachedData=, CacheKey=NavCollision_B89838347A4348138EE337A847529C5C_NavCollision_X_A4EB531644A31EFBB__AA8FCD16711DF1E69FB078FB7FA91F46B351C78E, StartTime=2016.05.12-15.36.52, HierarchicalDDC=, DataSize=593, Duration=1.480758, RunGuid=RunIDC2474C444BCB7B2B03D5D1876E49DD4A
DDCTransactionId7DC234004E32262DBD0BED993EBE87B0_82, PutCachedData=, CacheKey=NavCollision_B89838347A4348138EE337A847529C5C_NavCollision_X_C55062584EC850500__5D700AC846AD58AB63DD9D21F19BB86C6535EBB2, StartTime=2016.05.12-15.36.52, HierarchicalDDC=, DataSize=593, Duration=2.311431, RunGuid=RunIDC2474C444BCB7B2B03D5D1876E49DD4A
